Title,Author,Playtime,Male Count,Female Count
世界の終わりで目をつむる,川名幸宏,90～120分,5,4
ユスリカ,川名幸宏,90～120分,5,4
君は即ち春を吸ひこんだのだ,原田ゆう,90～120分,4,3
大人の絵本の作り方,田中雅樹,90～120分,1,2
ナツヤスミ語辞典,成井豊,90～120分,7,11
銀河旋律,成井豊,40～60分,3,6
"After You,ve gone ",田中雅樹,90～120分,3,2
バージン・ブルース,大池容子,60～90分,3,1
ソノ先に在る、あるいは居るモノへ,吉岡克眞,2時間～3時間,5,15
私の娘でいて欲しい,吉岡克眞,90～120分,2,9
害悪,升味加耀,60～90分,0,7
一遍,重信臣聡,90～120分,10,5
荒野1/7,高木登,60～90分,4,3
Fumiko,重信臣聡,90～120分,10,6
TEA FOR TWO　二人でお茶を,関根信一,90～120分,2,0
五臓六腑色懺悔,校倉元,90～120分,10,5
新・こころ,関根信一,90～120分,6,2
如竹散人乱拍子,松本淳子,2時間～3時間,7,8
しんじゃうおへや,南参,90～120分,8,5
ラッキ・アンハッピー,南参,20～40分,1,1
ミンナノウタ,松本淳子,60～90分,6,6
Save the 鉄観音,原田裕史,90～120分,8,4
とりはだ,原田裕史,2時間～3時間,6,6
イリアス〜怒りと戦争と運命についての叙事詩,木内宏昌,2時間～3時間,4,6
チェーコフ・イズ・グレート、バット...,木内宏昌,3時間以上,9,9
だけど涙が出ちゃう,工藤千夏,60～90分,1,3
囁谷シルバー男声合唱団,角ひろみ,90～120分,6,3
螢の光,角ひろみ,90～120分,2,3
私、洗濯機をさらいにいくわ,原田ゆう,40～60分,0,1
贋作マクベス,中屋敷法仁,40～60分,4,1
無差別,中屋敷法仁,60～90分,4,3
ばれんたいん・すとーんをさがせ！,高橋広間,60～90分,2,9
真夜中の太陽（高校演劇Ver.),工藤千夏,40～60分,1,10
トリガー,山田裕幸,60～90分,4,3
3sheep,山田裕幸,60～90分,2,1
ドキュメンタリー,古川健,90～120分,3,0
旗を高く掲げよ,古川健,2時間～3時間,6,4
大人の銀河鉄道の夜,小川大二郎,90～120分,5,5
関ケ原BOOGIE☆WOOGIE　～小早川の場合～,小川大二郎,90～120分,15,6
群れる青、トコロ。,守田慎之介,90～120分,2,6
ハレハレ。,守田慎之介,40～60分,3,5
河童,畑澤聖悟,40～60分,6,13
もしイタ～もし高校野球の女子マネージャーが青森の「イタコ」を呼んだら,畑澤聖悟,40～60分,7,15
あの子にあたらしいあさなんて二度とこなきゃいいのに,升味加耀,60～90分,1,4
振って、振られて　,くるみざわしん,40～60分,1,2
かえりみちの木,中村ケンシ,90～120分,4,5
追伸,中村ケンシ,60～90分,5,5
プラスチックプール,高木充子,60～90分,0,10
コースターター,一十口裏,90～120分,11,11
ダイヤのモンド,一十口裏,90～120分,9,9
くろねこちゃんとベージュねこちゃん,谷賢一,90～120分,3,3
アクアリウム,谷賢一,90～120分,6,3
逢坂～めぐりのめあて～,山谷典子,90～120分,4,4
青鬼,鈴木アツト,60～90分,2,1
輝く闇の沼の乾き,桶谷忠平,2時間～3時間,12,3
匂衣 -The blind and the dog-,鈴木アツト,60～90分,2,3
露の見た夢,久間勝彦,2時間～3時間,15,15
ふたたびの日は何色に咲く,山谷典子,2時間～3時間,9,7
星野君の二塁打の別府さんとその妻,くるみざわしん,60～90分,1,1
ラストシャフル,久間勝彦,90～120分,12,6
夢を見る,石原燃,90～120分,0,1
白い花を隠す,石原燃,90～120分,7,6
培養魚ーバイヨウナー,IJIN（浅葱康平）,60～90分,4,2
お手紙。,IJIN（浅葱康平）,60～90分,7,2
つややかに焦げてゆく,吉田康一,2時間～3時間,2,5
なんども手をふる,吉田康一,90～120分,3,4
イーハトーヴの雪,井伏銀太郎,20～40分,1,0
Requiem三部作,井伏銀太郎,60～90分,2,3
俺の酒が呑めない,古川貴義,90～120分,6,5
父が燃えない,古川貴義,90～120分,6,4
ナノニ(仮),若城八千代,20～40分,3,3
Say no Anee,若城八千代,20～40分,3,3
サイゴン陥落の日,中山夏樹,90～120分,7,7
海越えの花たち,長田育恵,2時間～3時間,6,4
髪をかきあげる,鈴江俊郎,60～90分,4,3
ともだちが来た,鈴江俊郎,60～90分,2,0
新生戯曲展 隠顕,宇里香菜,40～60分,4,2
新生戯曲展 謎解きの陥穽,宇里香菜,40～60分,5,2
帰り花,霜康司,2時間～3時間,11,4
白雲を望む,霜康司,2時間～3時間,10,5
おでんの味,高村明彦,60～90分,4,2
おでこにタトゥー,田中聡,90～120分,10,10
これっぽっちのうち。,棚瀬美幸,60～90分,3,3
カナリアの唄,務川智正,20～40分,2,3
Infinity,久光真央,90～120分,7,15
ドローイング,久光真央,90～120分,5,11
翔べ！　ジョニー,石黒秀和,60～90分,7,4
ワタシたちの物語,石黒秀和,60～90分,0,7
謳歌,高村明彦,60～90分,8,5
トラックメロウ,平塚直隆,60～90分,0,1
日本語私辞典,平塚直隆,60～90分,0,0
みえちゃったりする,福田卓郎,60～90分,0,2
千里眼の女,齋藤雅文,90～120分,14,3
有頂天作家　恋ぶみ屋一葉2020,齋藤雅文,90～120分,12,17
カンザキ,ピンク地底人3号,90～120分,5,3
信達義民芝居 太郎右衛門,清野和也,90～120分,11,4
こころ、ころろ,清野和也,20～40分,1,0
風立ちぬ,竹内銃一郎,90～120分,7,7
月ノ光,竹内銃一郎,90～120分,4,2
くだんの件,天野天街,60～90分,2,0
ラブ・スターズ・デイ,高橋広間,90～120分,2,4
US,大信ペリカン,90～120分,1,4
夕映えの職分,南出謙吾,40～60分,1,1
ちゃんとした夕暮れ,南出謙吾,20～40分,1,1
慎一の青春其の一,内田博司,90～120分,1,0
慎一の青春其の二,内田博司,90～120分,1,1
ドラマ・ドクター,川村毅,90～120分,5,1
４,川村毅,90～120分,5,0
妄膜剥離,川津羊太郎,90～120分,1,1
目病み猫と水のない水槽,川津羊太郎,40～60分,1,1
彼岸から　水波の隔て　神の旅　四角な関係vol.5,くまがいマキ,60～90分,0,1
風死して　汗音もたてずにして　落つ　四角な関係vol.2,くまがいマキ,20～40分,0,2
那須野の大地  ,広島友好,2時間～3時間,15,10
ハートフル・コメディ　家族百景　第七景『恋、おばあちゃんの』（雨の神宮外苑編）,広島友好,40～60分,1,5
恋はコソッと,永井寛孝,60～90分,3,5
エンドロールはお静かに,竹内介,2時間～3時間,9,8
宗達,森本洵司,2時間～3時間,14,1
はっけよいぺれったぺれった,永井寛孝,90～120分,6,6
いとしの儚,横内謙介,2時間～3時間,14,8
きらら浮世伝,横内謙介,2時間～3時間,14,4
うちに来るって本気ですか？,石原美か子,60～90分,3,4
ネズミ狩り,楢原 拓,90～120分,5,6
金の卵1960,三浦実夫,90～120分,6,3
金の卵1970,三浦実夫,2時間～3時間,10,5
それは秘密です。,楢原 拓,90～120分,9,5
さらば、愛おしき日々よ~麻倉次郎吉 愛の物語~,スズカチヒロ,40～60分,3,3
あの時、郵便局で。,スズカチヒロ,20～40分,3,1
バスタブで遊泳するあなたへ,石原美か子,90～120分,8,4
幸せの追求,宮下美和,90～120分,4,7
孤独、あるいはマルキドサドに学ぶ幸せな人生の過ごし方,松島寛和,90～120分,1,0
かみさまのつくりかた,竹内介,90～120分,8,11
希望の星,松島寛和,90～120分,4,7
月待ち町のストリッパー,瀧口敦子,90～120分,2,12
『共同執筆』,大谷美智浩,60～90分,3,2
夜曲,山﨑哲史,20～40分,1,1
人質に乾杯,山﨑哲史,60～90分,7,4
勇次Ⅱ,すぎうらとしはる,90～120分,10,4
バスで帰る女子大生,井上悠介,20～40分,0,1
アクティブな犬,井上悠介,20～40分,3,0
笑劇★モンスタードリーム,矢内文章,90～120分,5,5
日本文学盛衰史,平田オリザ,90～120分,8,8
眠れない夜なんてない,平田オリザ,90～120分,7,11
銀幕迷宮〈キネマ ラビリンス〉,小松杏里,2時間～3時間,10,8
ピカイア,小松杏里,90～120分,10,10
猿女のリレー,松村武,2時間～3時間,11,10
虚構の時,宮下美和,90～120分,6,6
「両面睨み節」～相四つで水入り～,松村武,2時間～3時間,11,10
その鉄塔に男たちはいるという,土田英生,90～120分,5,0
ぶた草の庭,土田英生,90～120分,6,4
埋没,中津留章仁,2時間～3時間,5,3
キョウド町グローバリズム行進曲,大信ペリカン,90～120分,2,3
ダム,嶽本あゆ美,2時間～3時間,8,1
ランダバウト,前島宏一郎,60～90分,4,4
正午,前島宏一郎,20～40分,0,2
安全区/Nanjingー堀田善衛『時間』より,嶽本あゆ美,90～120分,3,3
コーヒー・ダイアリー,村野玲子,40～60分,1,1
工場,堀川炎,60～90分,3,5
光、さえも,南慎介,90～120分,6,5
タイタニック・ポーカー,はせひろいち,90～120分,6,5
アインシュタインショック,はせひろいち,60～90分,5,4
春夏秋冬,堀川炎,60～90分,0,14
大砲の家族,泊篤志,90～120分,8,3
お熱い夜はいかが？,大谷美智浩,60～90分,5,5
赤いアンブレラ,すぎうらとしはる,60～90分,4,1
ガムガムファイター,池田美樹,90～120分,2,3
気持ちいい穴の話,池田美樹,90～120分,2,3
生態系カズクン,泊篤志,90～120分,7,4
焔～ほむら～,中村ノブアキ,90～120分,7,3
ざくろのような,中村ノブアキ,90～120分,6,3
放課後のおと,佐藤剛史,60～90分,0,7
浜辺の猿,佐藤剛史,90～120分,2,6
チョコチップクッキー,宇吹萌,60～90分,9,11
シャワー,矢内文章,90～120分,5,5
「卒アル」,品川浩幸,90～120分,9,13
ロンギヌスの槍,吉水恭子,90～120分,6,5
消失点,吉水恭子,90～120分,6,2
『コンデンス』,天野天街,60～90分,6,12
仏壇のない家,くらもちひろゆき,90～120分,6,6
灰かぶりのエラ,ガラ林,60～90分,2,3
月の海,岩瀬晶子,90～120分,6,3
明日花ーあしたばなー,岩瀬晶子,90～120分,7,3
花の塔婆,くらもちひろゆき,90～120分,3,4
笑顔。（すまいる）～さざんかの咲くころに～,森下知香,90～120分,7,8
フローレンスの庭,高橋恵,2時間～3時間,6,99
新宿ムーラン・ルージュー赤い風車の回る劇場（こや）－,岡部耕大,90～120分,7,5
ダライコ挽歌,高橋恵,60～90分,7,3
ガラ版　ハーメルンの笛吹き,ガラ林,60～90分,0,13
太平洋ベルトライン,岡安伸治,60～90分,5,2
まやかし　男版　改,さいけ,60～90分,5,8
コッペリニャ,さいけ,60～90分,7,99
わたしのゆめ,大橋秀和,60～90分,3,7
落ちこぼれアイドルだった私が社長になって １年で会社を立て直した１０の方法,大橋秀和,60～90分,7,4
そのころ,大迫旭洋,20～40分,1,0
うお傳説,山崎哲,2時間～3時間,3,4
いつか、ひとやすみ。,遠藤雷太,60～90分,5,4
京都で、恋とフォーク,村上慎太郎,90～120分,3,6
人生のおまけ～Collateral Beauty～,森下知香,90～120分,5,7
めんどくさい人,ハセガワアユム,60～90分,4,3
季・寄せ来　～き・よせく～,玉井江吏香,40～60分,3,3
MY SWEET BOOTLEG,ハセガワアユム,60～90分,2,3
アトリエー199X/202X,村野玲子,40～60分,1,2
ツイノスミカ　～夜更けの星～,玉井江吏香,20～40分,0,2
ハイアガール,村上慎太郎,90～120分,4,5
短パン★カーニバル,遠藤雄史,90～120分,4,5
Post Script,遠藤雄史,90～120分,4,9
箱猫はいつも夢を見た,山口香織,20～40分,3,2
カメレオンノート,山口香織,20～40分,1,1
帰りたいうちに,棚瀬美幸,60～90分,2,5
砂の時間,島田三樹彦,60～90分,0,3
テレスコープ～無宿篇～,古川登志夫,90～120分,15,10
東京海亀伝説～幻の少女篇～,古川登志夫,60～90分,5,7
朝日のような夕日をつれて 2014,鴻上尚史,90～120分,5,0
天使は瞳を閉じて,鴻上尚史,90～120分,6,5
ひらたい地面,山田めい,40～60分,8,2
犬の夜,山田めい,40～60分,2,4
ハッピー ウエディング☆彡,Toshihide Okada,20～40分,0,1
サンタクロースへの贈り物,Toshihide Okada,20～40分,4,0
Memento〜忘却の夏,井戸乃くらぽー,40～60分,2,4
イキザマ３,松本匠,90～120分,15,1
ロウバジェット,福田卓郎,90～120分,8,7
ゼブラ,田村孝裕,90～120分,6,6
国語の時間　1940-1945京城,小里清,2時間～3時間,7,3
花と爆弾　～愛と革命の伝説～,大森匂子,60～90分,3,3
春の鯨,森馨由,90～120分,4,7
白波の食卓,森馨由,90～120分,4,7
ゼロ番区,松本匠,90～120分,7,0
深夜特急　めざめれば別の国,渡辺えり,90～120分,11,8
『武田信玄～白雲流れゆく彼方に～』,美咲蘭,90～120分,15,99
鯨よ！私の手に乗れ,渡辺えり,90～120分,5,15
『愛した日々に悔いはない　Kiss today goodbye.』,菅野彰,40～60分,1,0
『エデンの東のそのまた東』,菅野彰,20～40分,1,1
ポプコーンの降る街,み群杏子,60～90分,3,2
パセリの木,み群杏子,60～90分,5,3
knob,夏井孝裕,60～90分,5,2
青,夏井孝裕,60～90分,7,3
たま、ゆらら,千葉研之,2時間～3時間,4,6
30才になった少年Ａ,鮒田直也,90～120分,5,5
夜明け前、私たちは立ち上がる。,鮒田直也,90～120分,6,7
フライングチェック,四夜原茂,60～90分,5,9
黄昏ボンド,四夜原茂,40～60分,3,4
農園ぱらだいす　～愛しのアマゾネス～,大森匂子,60～90分,3,9
いびしない愛,竹田モモコ,90～120分,3,2
二十一時、宝来館,竹田モモコ,40～60分,0,3
ステディ,高木登,40～60分,2,2
「ヒーロー☆マイ・ダーリン」,品川浩幸,90～120分,12,10
薔薇のリース,森本洵司,2時間～3時間,9,8
わたしはまだ踊らない,加藤真史,40～60分,2,2
在西安青年,加藤真史,20～40分,6,9
ぬけがら,佃典彦,2時間～3時間,7,4
朝顔,佃典彦,60～90分,2,1
ケプラー・あこがれの星海航路,篠原久美子,2時間～3時間,99,9
ひとよ一夜に１８片,樋口美友喜,60～90分,4,5
凜然グッドバイ,樋口ミユ,60～90分,1,2
カナリア,黒岩力也,60～90分,2,2
StartingOver,宮本星美,40～60分,0,99
修羅シュシュシュ－賢治先生の教室 －,高谷信之,2時間～3時間,8,9
風と雲と魂と―シベリア鉄道の晶子―,高谷信之,2時間～3時間,99,99
明るい表通りで-On The Sunny Side Of The Street-,三谷智子,90～120分,7,5
No Regret No Life　-後悔なき航海なし-,三谷智子,60～90分,3,6
サカシマ,斜田章大,90～120分,3,4
小説家の檻,斜田章大,90～120分,4,3
『戦国散華　真田幸村～十勇士外伝～』,美咲蘭,90～120分,15,15
コロナ　パラドックス,井上好恵,20～40分,0,3
蒟蒻ルンバ,校倉元,90～120分,2,7
人の気も知らないで,横山拓也,40～60分,0,3
仮面夫婦の鑑,横山拓也,40～60分,1,1
チクロ育ち,下川おかし,60～90分,2,4
うつくしい生活,渡山博崇,90～120分,1,1
タンタジールの死,横田宇雄,40～60分,3,1
縛られたプロメーテウス,横田宇雄,60～90分,5,3
魔法処女★えるざ（３０）,坂本鈴,60～90分,3,6
モスクワ,羽原大介,90～120分,12,6
化蝶譚,野中友博,90～120分,6,5
御蚕様,野中友博,90～120分,3,5
ハオト,小野寺丈,90～120分,15,3
騙されざる者たち,小野寺丈,90～120分,5,2
パセリ農家の悲願,阿部慎一郎,20～40分,4,3
シュールストレミング,阿部慎一郎,90～120分,7,5
GRADUATION,宮本星美,40～60分,0,99
留鳥の根,稲田真理,90～120分,3,2
滲む山,稲田真理,40～60分,3,3
先生の暗いロッカー,田坂哲郎,60～90分,3,4
虚空,太田衣緒,90～120分,8,9
石橋の伝説　（前編　肥後石工水口橋別離　本編　大川心中物語）,岡山晴彦,3時間以上,99,5
モジョ×コン〜Mojo complex〜,井戸乃くらぽー,60～90分,7,6
綺羅の鼓,岡山晴彦,90～120分,3,4
マチクイの諷,福田修志,90～120分,4,5
けしてきえないひ,福田修志,60～90分,3,3
丘の上でこう言った,西瓜すいか,60～90分,3,3
父との夏,高橋いさを,90～120分,3,2
満月に躍る,塩澤剛史,90～120分,6,8
夕暮れラプソディ,塩澤剛史,90～120分,6,6
はたらくおとこ ,長塚圭史,2時間～3時間,8,1
荒野に立つ,長塚圭史,2時間～3時間,6,9
もやしの唄,小川未玲,90～120分,4,3
ご馳走,秋之桜子,90～120分,7,6
メッセンジャー,佐野和敏,40～60分,4,6
葉子,金塚悦子,90～120分,5,4
フェアリーテールにようこそ,ルーシー・ラブグッドウィル,60～90分,0,0
face to face,ルーシー・ラブグッドウィル,40～60分,3,4
リモ女演劇部☆活動中！,入江おろぱ,60～90分,0,9
明日の遠まわり,岡部尚子,90～120分,5,3
Twenty-eight,入江おろぱ,60～90分,5,6
遠くの花火,岡部尚子,90～120分,5,2
春の遺伝子,河合穂高,90～120分,0,0
明星　与謝野鉄幹・晶子の道行き,竹内一郎,90～120分,7,8
沖縄の火種ー戦果アギヤーの1947年ー,竹内一郎,90～120分,10,7
レバア,秋之桜子,90～120分,5,6
お正月,わかぎゑふ,90～120分,15,13
一郎ちゃんがいく,わかぎゑふ,90～120分,11,1
ナイト・ウィズ・キャバレット,西史夏,90～120分,1,1
so bad year,永山智行,60～90分,1,2
トリオ,永山智行,90～120分,1,4
海繭の仔,河合穂高,60～90分,2,3
ドリーム・ゴースト・マザー,いづみかほる,40～60分,3,2
星砂たちの詩,いづみかほる,40～60分,9,3
Reconquista,クワハラ―ノ・チュースキー,90～120分,3,4
アンファン・ポトフ,宇吹萌,40～60分,2,2
2030,クワハラ―ノ・チュースキー,60～90分,0,1
カレーかハヤシか,ふじもり夏香,20～40分,0,2
アパイピシピテペルプ～水沢家の小さくて大きい物語～,ふじもり夏香,90～120分,2,4
"GOVERNMENT OF DOGS """"Refresh!""""",故林広志,60～90分,5,0
アトリエ・ジャマイカ,伊地知克介,2時間～3時間,10,10
人魚,田辺剛,60～90分,2,3
純粋パレス,田辺剛,40～60分,3,1
蜜柑とユウウツ～茨木のり子異聞～,長田育恵,90～120分,3,4
カヌー・ラジオ,伊地知克介,90～120分,5,10
『対話劇』,長谷川浩輝,40～60分,3,4
喫煙所,萩原宏紀,90～120分,2,4
夜の太陽,萩原宏紀,90～120分,2,5
Bridge,西史夏,20～40分,1,1
離宮のタルト,丸尾聡,90～120分,11,6
海が見えたとき,大西弘記,20～40分,2,1
しゃぼん玉の欠片を眺めて,大西弘記,90～120分,7,9
ゆらゆらと水,芳﨑洋子,60～90分,2,5
絶対恋愛王政,坂本鈴,20～40分,5,4
『ミソジニー！！』,サカモトエリ,20～40分,0,2
男の遺書,サカモトエリ,40～60分,1,0
飯縄おろし,丸尾聡,60～90分,7,2
The Early Best of すわ親治,故林広志,20～40分,1,0
業火の姫,鶴川里香,60～90分,10,14
天使といたとき,鶴川里香,60～90分,0,15
関門オペラ,田坂哲郎,90～120分,5,8
秘密収容所「トレイシーの夢」,可知日出男,40～60分,3,1
「ミカンの花が咲く頃に」,釘本光,90～120分,6,12
『凍て月』,上坂京子,90～120分,0,0
『皆の団地（カイノウチ）』,上坂京子,60～90分,0,5
ゆらぎ、碧い鳥、,大島寛史,60～90分,2,5
『大正ロマン～なかのオペラ村物語』,可知日出男,40～60分,5,3
にびいろの砦,雑賀聖,40～60分,0,5
クエーク クリップ クリック ～Quake Clip Click Click～ 完結版,加賀屋淳,90～120分,1,1
雨と猫といくつかの嘘,吉田小夏,60～90分,3,3
沙羅、すべり,芳﨑洋子,90～120分,2,4
奇跡,佐野和敏,60～90分,4,4
平行螺旋,こむろこうじ,40～60分,0,2
グランパと赤い塔,吉田小夏,2時間～3時間,8,7
親子恋行,こむろこうじ,40～60分,1,1
その十二支、諸説あり。,溝口優,90～120分,6,6
愛,溝口優,90～120分,7,7
悪左府,平野正喜,60～90分,15,0
ロスタイム,鏡味富美子,90～120分,2,6
彼らの敵,瀬戸山美咲,90～120分,5,1
春、夜中の暗号,宮園瑠衣子,40～60分,2,0
解体されゆくアントニン・レーモンド建築 旧体育館の話,オノマリコ,90～120分,0,9
tatsuya-最愛なる者の側へ,鐘下辰男,2時間～3時間,5,2
PW-PRISONER OF WAR,鐘下辰男,2時間～3時間,9,2
トマト,太田衣緒,40～60分,2,1
浅草ロ・ロ・ロック,うちやまきよつぐ,90～120分,5,6
幕末地球防衛軍,うちやまきよつぐ,90～120分,4,4
ここまでがユートピア,鹿目由紀,90～120分,8,7
薄い桃色のかたまり,岩松了,3時間以上,99,99
よかっちゃん,宮園瑠衣子,20～40分,2,3
ラストゲーム　最後の早慶戦,羽原大介,90～120分,12,0
スマイリースマイル,水沼健,60～90分,3,2
ニューヘアスタイルイズグッド,水沼健,60～90分,3,2
わが星,柴幸男,60～90分,0,0
タビダチノコトバ,景山圭祐,60～90分,2,0
ホエタマカイの夜,上田真弓,60～90分,3,1
天人のいた空,上田真弓,40～60分,0,0
妖怪狂言「冥加さらえ」,山川里海,20～40分,12,4
空の村号,篠原久美子,60～90分,6,4
徒然だ,なかじょうのぶ,40～60分,3,5
まぬけぬま,川村祥太,60～90分,6,4
ゆるやかに死んでいく,川村祥太,20～40分,2,1
異邦人の庭,刈馬カオス,60～90分,1,1
クラッシュ・ワルツ,刈馬カオス,60～90分,2,3
そこまで言わんでモリエール,高間響,90～120分,6,5
上手に伝えられなくて,藤田久雄,90～120分,7,5
ただし、ヤクザを除く,高間響,90～120分,4,2
いちゃもん,下川おかし,40～60分,0,5
キタイ,じんのひろあき,90～120分,5,5
飴をあげる,成島秀和／セリザワケイコ,20～40分,1,1
キミへ送る夏,仁田葉月,40～60分,0,10
夜、明ける,仁田葉月,40～60分,1,3
屋上の男,美崎理恵,20～40分,2,1
明日、宇宙人になります,美崎理恵,40～60分,4,1
あの夜のサクラ,中澤日菜子,60～90分,3,1
春昼遊戯,中澤日菜子,60～90分,6,3
主役は江美里OH！,福本ぷう之介,90～120分,13,14
シンクロナイズド・ウォーキング,清水弥生,90～120分,6,8
郷愁の丘ロマントピア,山田百次,90～120分,5,2
ブーツ・オン・ジ・アンダーグラウンド,清水弥生,90～120分,5,2
聖地,松井周,2時間～3時間,99,99
散歩する侵略者,前川知大,90～120分,7,3
太陽,前川知大,90～120分,6,3
蝶の皇軍,富田求,90～120分,13,1
珈琲法要,山田百次,90～120分,2,1
絶交の先,犬養憲子,20～40分,1,2
楽屋から,犬養憲子,20～40分,0,1
トリオ,斎藤栄作,90～120分,1,3
天竺の壁にもたれて眠る,斎藤栄作,90～120分,4,3
いくつもの傷口に唇をおしあてて,じんのひろあき,90～120分,2,3
雨夜の喜劇,遠藤雷太,90～120分,5,4
アトノアナ　とある漫画スタジオの４日間の物語,蔵重智,90～120分,1,6
終わり無ければすべて無し,蔵重智,90～120分,3,4
呼吸する肉塊,初瀬川幸次郎,60～90分,4,3
紛れて誰を言え,髙山さなえ,60～90分,2,5
さようならファーストエイジ,四方田直樹,90～120分,6,5
灰の中から蘇った男と女,髙山さなえ,60～90分,3,3
心のかけら買います,藤田久雄,90～120分,7,5
ホメをスタシす,阿部かずな,90～120分,6,4
BRIDGE × WORD,白鳥雄介,60～90分,5,6
フィルタリング,白鳥雄介,90～120分,6,5
荒れ野,桑原裕子,90～120分,3,3
ただやるだけ,澤田育子,60～90分,4,7
私のイスラム,南慎介,20～40分,3,4
ともちゃんち,おおやかづき,90～120分,2,6
『ハンナのかばん』,いずみ凜,60～90分,2,3
全部コロナのせい！！,川村香奈子,40～60分,2,3
合唱のためのシアターピース・あの日の空の詩,しままなぶ,40～60分,99,99
合唱劇『かなしみはちからに、』～宮沢賢治　未来への手紙,しままなぶ,60～90分,99,99
月暈とメスシリンダ,四方田直樹,90～120分,7,7
道化師の朝の歌,油田晃,60～90分,2,3
賢治エチュード,油田晃,40～60分,1,2
うちやまつり,深津篤史,90～120分,5,8
リュウカデンドロン～サーカステントか幼馴染の赤いスカート～,赤澤ムック,90～120分,8,7
静かな1日,矢内原美邦,60～90分,1,1
繭文～放蕩ノ吊ラレ作家～,赤澤ムック,90～120分,6,5
楽園工場,永高英雄,60～90分,4,3
大津皇子,篠崎隆雄,2時間～3時間,99,12
ジャッピーは、春風にのって,篠崎隆雄,90～120分,10,8
ワスレノコリ,三枝希望,60～90分,0,7
ひたむきな星屑,柳生二千翔,60～90分,4,4
幸福な夢,いしざわみな,40～60分,2,2
oasis,小原延之,90～120分,4,4
うさぎひとり,おおにしのぶこ,60～90分,1,5
昇龍伝説,岡安伸治,90～120分,1,6
海獣日和,長谷川彩,20～40分,1,1
下校の時間,長谷川彩,20～40分,1,1
花ぐもり,鈴木麻名実,60～90分,0,2
花と魚,柳井祥緒,90～120分,7,4
あしたのこと,工藤舞,20～40分,2,0
ミュージカル「普通にブランド品とか好きだった私が、カンボジアで孤児院のお母さんになった。 〜くっくま孤児院　柊梨紗の物語」,まきりか,90～120分,3,2
わたしのエプロン,千木良悠子,60～90分,0,0
ルーツ,松井周,90～120分,8,7
葬送の教室,詩森ろば,90～120分,8,2
love call vol.1,伴一彦,60～90分,6,7
三英花 煙夕空,堀越涼,60～90分,2,1
机上の空襲,天野順一朗,90～120分,5,3
赤ペン先輩,尾崎太祐,20～40分,1,1
地底妖精,市原佐都子,90～120分,1,1
竹林の人々,丸尾丸一郎,90～120分,5,3
頭の中の千匹の蜂,大和屋かほる,90～120分,3,4
プラヌラ,髙石紗和子,90～120分,4,6
ちょっとしたキセキ,中村敏子,60～90分,2,2
「ムイカ」再び　西へ東へ,はしぐちしん,60～90分,0,4
ゆれる車の音　～九州テキ屋旅日記～,中島淳彦,90～120分,6,5
『ヨブ呼んでるよ』,西尾佳織,60～90分,3,2
「なにをシェアするハウスター」,保科由里子,60～90分,3,5
それでも好き,アシタリュウタロウ,20～40分,1,1
山の声,大竹野正典,90～120分,2,0
きつねものがたり,小野小町,40～60分,0,4
よみちにひはくれない,菅原直樹,90～120分,3,5
あたらしい生活シアター,菅原直樹,90～120分,5,11
春母夏母秋母冬母,糸井幸之介,90～120分,1,1
ひびきの石,日下部信,90～120分,9,5
崖っぷちのピイプル,青木由里,2時間～3時間,5,6
愛死に,糸井幸之介,90～120分,7,7
エレベーター,黒羽英二,40～60分,3,0
朗読キネマ『潮騒の祈り』,高橋郁子,60～90分,0,3
天気予報,梅咲ミヤビ,20～40分,5,0
ハロー、ランデブー,ベロ・シモンズ,20～40分,1,0
演劇計画Ⅱ−戯曲創作−『新・内山』,柳沼昭徳,2時間～3時間,11,14
やまんば,大塚恵美子,90～120分,0,6
短編「怪火」「仇野の露」,柳沼昭徳,40～60分,2,2
老いとAI,新井章仁,20～40分,2,0
変奏・バベットの晩餐会,高見亮子,90～120分,1,10
かいだん,文月奈緒子,20～40分,1,1
域地-ikichi-,サカイリユリカ,60～90分,3,3
春の遭難者,滝本祥生,60～90分,1,5
ト音,春陽漁介,90～120分,6,4
愛の渦（再演）,三浦大輔,90～120分,7,5
をんな善哉,鈴木聡,90～120分,6,4
村田さん,鈴木聡,20～40分,3,2
絶対飛行機,佐藤信,90～120分,3,4
夜のプラタナス,長谷川孝治,90～120分,1,2
ゴジラ,大橋泰彦,60～90分,5,5
山彦ものがたり,有吉佐和子,90～120分,5,5
三婆,小幡欣治,3時間以上,10,10
事件という名の事件,ふじたあさや,90～120分,6,3
人類館,知念正真,90～120分,2,1
キレイ-神様と待ち合わせした女-,松尾スズキ,3時間以上,14,13
にしむくさむらい,別役実,40～60分,3,2
青い実をたべたーさと子の場合ー,市堂令（劇団青い鳥）,2時間～3時間,0,5
ザ・キャラクター,野田秀樹,2時間～3時間,7,3
母と惑星について、および自転する女たちの記録,蓬莱竜太,2時間～3時間,0,4
野獣降臨,野田秀樹,90～120分,7,4
たたかう女,坂手洋二,60～90分,0,1
最後の一人までが全体である,坂手洋二,2時間～3時間,15,10
食卓の木の下で 〜あの日、あの時、みんな笑った〜,高泉淳子,90～120分,2,4
ザ・パイロット,宮本研,2時間～3時間,10,9
糸地獄,岸田理生,2時間～3時間,5,13
身毒丸,岸田理生,90～120分,4,2
毛皮のマリー,寺山修司,40～60分,15,0
身毒丸,寺山修司,90～120分,10,13
ぼくらが非情の大河をくだる時―新宿薔薇戦争,清水邦夫,60～90分,99,0
がんばろうー柏木家の人々―,岡部耕大,90～120分,10,4
鎖骨に天使が眠っている,ピンク地底人3号,90～120分,3,5
DOLL,如月小春,90～120分,5,2
常陸坊海尊,秋元松代,2時間～3時間,99,6
幼児たちの後の祭り,秋浜悟史,90～120分,4,4
月の岬,松田正隆,90～120分,6,7
袴垂れはどこだ,福田善之,2時間～3時間,13,4
続・私の下町　姉の恋愛,福田善之,2時間～3時間,13,10
スラブ・ディフェンス,小松幹生,60～90分,2,0
高き彼物,マキノノゾミ,90～120分,5,2
狐狸狐狸ばなし,北條秀司,90～120分,11,6
ジャガーの眼,唐十郎,2時間～3時間,6,5
春、忍び難きを,斎藤憐,90～120分,8,5
水の駅,太田省吾,90～120分,5,5
法王庁の避妊法,飯島早苗・鈴木裕美,2時間～3時間,4,4
鈍獣,宮藤官九郎,2時間～3時間,3,3
組曲虐殺,井上ひさし,3時間以上,3,3
欠損の数式,平野正喜,20～40分,2,1
衝突と分裂、あるいは融合,黒澤世莉,90～120分,6,7
