1,反復かつ連続,,8,0,1,0,1,15,家族の朝食風景をひとりずつかさねる一人芝居。,,,,,https://mamagoto.org/project/,,,,
2,ジャングルジャンクション,,6,-1,-1,-1,-1,-1,,,,,,,,,,
3,その赤い点は血だ,,2,7,-1,-1,7,-1,冬の厳しい寒さの監獄で囚人たちが見つけた床のシミ。別のところにもまたシミが現れて続いている。その続きを追おうとして囚人たちが見たものとは…。,,https://amzn.to/3R5NAIc,"<a href='https://www.amazon.co.jp/%E3%81%9D%E3%81%AE%E8%B5%A4%E3%81%84%E7%82%B9%E3%81%AF%E8%A1%80%E3%81%A0-%E7%94%B0%E8%BE%BA%E5%89%9B-ebook/dp/B00S3JKKPK?__mk_ja_JP=%E3%82%AB%E3%82%BF%E3%82%AB%E3%83%8A&crid=5IR8ZOBRO425&keywords=%E3%81%9D%E3%81%AE%E8%B5%A4%E3%81%84%E7%82%B9%E3%81%AF%E8%A1%80%E3%81%A0&qid=1693726361&s=books&sprefix=%E3%81%9D%E3%81%AE%E8%B5%A4%E3%81%84%E7%82%B9%E3%81%AF%E8%A1%80%E3%81%A0%2Cstripbooks%2C173&sr=1-1&linkCode=li2&tag=gekidankata00-22&linkId=2aadabccf3d415a07043672394ff9dbc&language=ja_JP&ref_=as_li_ss_il'"" target='""_blank'""><img border='""0'"" src='""//ws-fe.amazon-adsystem.com/widgets/q?_encoding=UTF8&ASIN=B00S3JKKPK&Format=_SL160_&ID=AsinImage&MarketPlace=JP&ServiceVersion=20070822&WS=1&tag=gekidankata00-22&language=ja_JP'"" ></a><img src='""https://ir-jp.amazon-adsystem.com/e/ir?t=gekidankata00-22&language=ja_JP&l=li2&o=9&a=B00S3JKKPK'"" width='""1'"" height='""1'"" border='""0'"" alt='""'"" style='""border:none !important; margin:0px !important;'"" />""","<iframe sandbox='allow-popups allow-scripts allow-modals allow-forms allow-same-origin'"" style='""width:120px;height:240px;'"" marginwidth='""0'"" marginheight='""0'"" scrolling='""no'"" frameborder='""0'"" src='""//rcm-fe.amazon-adsystem.com/e/cm?lt1=_blank&bc1=000000&IS2=1&bg1=FFFFFF&fc1=000000&lc1=0000FF&t=gekidankata00-22&language=ja_JP&o=9&p=8&l=as4&m=amazon&f=ifr&ref=as_ss_li_til&asins=B00S3JKKPK&linkId=fa207a100c556488faaf1d6db4324d29'""></iframe>""",,,,,
4,偏路,,11,2,4,-1,6,130,家族全員に猛反対されながらも、どうしても東京に行きたいと我が儘を貫き通して、X年目。挫折して妥協して麻痺して遠回りしたけど、夢だけじゃどうにもならないってこと、私、ようやく理解しました。でもこの歳で実家に戻るって、実は上京するよりもよっぽど大変だったりして……。,/bookimg/4.jpg,https://amzn.to/3EovUzL,"<a href='https://www.amazon.co.jp/%E5%81%8F%E8%B7%AF-%E6%9C%AC%E8%B0%B7-%E6%9C%89%E5%B8%8C%E5%AD%90/dp/4103017732?__mk_ja_JP=%E3%82%AB%E3%82%BF%E3%82%AB%E3%83%8A&crid=J9GIZCR89SNG&keywords=%E5%81%8F%E8%B7%AF+%E6%9C%AC%E8%B0%B7&qid=1693726408&s=books&sprefix=%E5%81%8F%E8%B7%AF+%E6%9C%AC%E8%B0%B7%2Cstripbooks%2C173&sr=1-1&linkCode=li2&tag=gekidankata00-22&linkId=234712fc738aeea6e7c13f42d4abd776&language=ja_JP&ref_=as_li_ss_il'"" target='""_blank'""><img border='""0'"" src='""//ws-fe.amazon-adsystem.com/widgets/q?_encoding=UTF8&ASIN=4103017732&Format=_SL160_&ID=AsinImage&MarketPlace=JP&ServiceVersion=20070822&WS=1&tag=gekidankata00-22&language=ja_JP'"" ></a><img src='""https://ir-jp.amazon-adsystem.com/e/ir?t=gekidankata00-22&language=ja_JP&l=li2&o=9&a=4103017732'"" width='""1'"" height='""1'"" border='""0'"" alt='""'"" style='""border:none !important; margin:0px !important;'"" />""","<iframe sandbox='allow-popups allow-scripts allow-modals allow-forms allow-same-origin'"" style='""width:120px;height:240px;'"" marginwidth='""0'"" marginheight='""0'"" scrolling='""no'"" frameborder='""0'"" src='""//rcm-fe.amazon-adsystem.com/e/cm?lt1=_blank&bc1=000000&IS2=1&bg1=FFFFFF&fc1=000000&lc1=0000FF&t=gekidankata00-22&language=ja_JP&o=9&p=8&l=as4&m=amazon&f=ifr&ref=as_ss_li_til&asins=4103017732&linkId=a5f6064368a2b63176a94544087be52f'""></iframe>""",,,,,9784103017738
5,曲がれ！スプーン,,1,8,2,-1,10,110,エスパー（超能力者）に助けてもらったことのある早乙女は、いつかその人が来てくれることを願い、「カフェ・ド・念力」という名前のお店を開き、マスターになりました。すると、そこにはエスパーたちがひそかに通うようになっていったんですね。それぞれ別々に通っているので、エスパー同士はお互いのことを知りません。そこでクリスマスの日にみんなで一度集まろうということになりました。貸切の「カフェ・ド・念力」にこっそり集まったエスパーたち、そこへテレビ局のADで、桜井という女性がやって来ます。５人のエスパーたちは、自分たちがエスパーであるとバレない内に、桜井を追い返そうとしますが、次から次へとハプニングが起こってしまい・・・。,,https://amzn.to/3PqRqdC,"<a href='https://www.amazon.co.jp/%E6%9B%B2%E3%81%8C%E3%82%8C-%E3%82%B9%E3%83%97%E3%83%BC%E3%83%B3-%E3%83%8F%E3%83%A4%E3%82%AB%E3%83%AFSF%E3%82%B7%E3%83%AA%E3%83%BC%E3%82%BA-J%E3%82%B3%E3%83%AC%E3%82%AF%E3%82%B7%E3%83%A7%E3%83%B3-%E3%83%8F%E3%83%A4%E3%82%AB%E3%83%AFSF%E3%82%B7%E3%83%AA%E3%83%BC%E3%82%BA%E3%83%BBJ%E3%82%B3%E3%83%AC%E3%82%AF%E3%82%B7%E3%83%A7%E3%83%B3/dp/4152090774?__mk_ja_JP=%E3%82%AB%E3%82%BF%E3%82%AB%E3%83%8A&keywords=%E6%9B%B2%E3%81%8C%E3%82%8C%EF%BC%81%E3%82%B9%E3%83%97%E3%83%BC%E3%83%B3&qid=1693726453&s=books&sr=1-1&linkCode=li2&tag=gekidankata00-22&linkId=d69ec8865d41e5e77879f04761cd76cb&language=ja_JP&ref_=as_li_ss_il'"" target='""_blank'""><img border='""0'"" src='""//ws-fe.amazon-adsystem.com/widgets/q?_encoding=UTF8&ASIN=4152090774&Format=_SL160_&ID=AsinImage&MarketPlace=JP&ServiceVersion=20070822&WS=1&tag=gekidankata00-22&language=ja_JP'"" ></a><img src='""https://ir-jp.amazon-adsystem.com/e/ir?t=gekidankata00-22&language=ja_JP&l=li2&o=9&a=4152090774'"" width='""1'"" height='""1'"" border='""0'"" alt='""'"" style='""border:none !important; margin:0px !important;'"" />""","<iframe sandbox='allow-popups allow-scripts allow-modals allow-forms allow-same-origin'"" style='""width:120px;height:240px;'"" marginwidth='""0'"" marginheight='""0'"" scrolling='""no'"" frameborder='""0'"" src='""//rcm-fe.amazon-adsystem.com/e/cm?lt1=_blank&bc1=000000&IS2=1&bg1=FFFFFF&fc1=000000&lc1=0000FF&t=gekidankata00-22&language=ja_JP&o=9&p=8&l=as4&m=amazon&f=ifr&ref=as_ss_li_til&asins=4152090774&linkId=4e9f759dc01b8606dd2a5b1dbc56bb2c'""></iframe>""",,https://amzn.to/3Pmvwbi,<iframe sandbox=allow-popups allow-scripts allow-modals allow-forms allow-same-origin style=width:120px;height:240px; marginwidth=0 marginheight=0 scrolling=no frameborder=0 src=//rcm-fe.amazon-adsystem.com/e/cm?lt1=_blank&bc1=000000&IS2=1&bg1=FFFFFF&fc1=000000&lc1=0000FF&t=gekidankata00-22&language=ja_JP&o=9&p=8&l=as4&m=amazon&f=ifr&ref=as_ss_li_til&asins=4152090774&linkId=dacaad49adceba03d576ba9c407fd300></iframe>,,9784152090775
6,壊れた風景,,10,4,3,-1,7,90,,/bookimg/16.jpg,https://amzn.to/3PmNvhN,"<a href='https://www.amazon.co.jp/%E5%88%A5%E5%BD%B9%E5%AE%9F-%E5%A3%8A%E3%82%8C%E3%81%9F%E9%A2%A8%E6%99%AF-%E8%B1%A1-%E3%83%8F%E3%83%A4%E3%82%AB%E3%83%AF%E6%BC%94%E5%8A%87%E6%96%87%E5%BA%AB-10/dp/4151400109?__mk_ja_JP=%E3%82%AB%E3%82%BF%E3%82%AB%E3%83%8A&crid=2HJQRNGDGE161&keywords=%E5%A3%8A%E3%82%8C%E3%81%9F%E9%A2%A8%E6%99%AF&qid=1693726482&s=books&sprefix=%E3%81%93%E3%82%8F%E3%82%8C%E3%81%9F%E3%81%B5%E3%81%86%E3%81%91%E3%81%84%2Cstripbooks%2C180&sr=1-1&linkCode=li2&tag=gekidankata00-22&linkId=535720db100eb71fbffb9fd188212e08&language=ja_JP&ref_=as_li_ss_il'"" target='""_blank'""><img border='""0'"" src='""//ws-fe.amazon-adsystem.com/widgets/q?_encoding=UTF8&ASIN=4151400109&Format=_SL160_&ID=AsinImage&MarketPlace=JP&ServiceVersion=20070822&WS=1&tag=gekidankata00-22&language=ja_JP'"" ></a><img src='""https://ir-jp.amazon-adsystem.com/e/ir?t=gekidankata00-22&language=ja_JP&l=li2&o=9&a=4151400109'"" width='""1'"" height='""1'"" border='""0'"" alt='""'"" style='""border:none !important; margin:0px !important;'"" />""","<iframe sandbox='allow-popups allow-scripts allow-modals allow-forms allow-same-origin'"" style='""width:120px;height:240px;'"" marginwidth='""0'"" marginheight='""0'"" scrolling='""no'"" frameborder='""0'"" src='""//rcm-fe.amazon-adsystem.com/e/cm?lt1=_blank&bc1=000000&IS2=1&bg1=FFFFFF&fc1=000000&lc1=0000FF&t=gekidankata00-22&language=ja_JP&o=9&p=8&l=as4&m=amazon&f=ifr&ref=as_ss_li_til&asins=4151400109&linkId=dc81fdf336806286a51fac235c7313e0'""></iframe>""",,https://amzn.to/3PkxeKs,,,9784151400100
7,ハックルベリーにさよならを,,6,5,3,-1,8,60,,,,,,,,,,
8,富豪タイフーン,,5,3,3,-1,6,100,,,https://amzn.to/4827t9c,"<a href='https://www.amazon.co.jp/%E3%83%8E%E3%83%BC%E3%83%96%E3%83%A9%E3%83%B3%E3%83%89%E5%93%81-%E7%AA%81%E5%8A%87%E9%87%91%E9%AD%9A%E3%80%8E%E5%AF%8C%E8%B1%AA%E3%82%BF%E3%82%A4%E3%83%95%E3%83%BC%E3%83%B3%E3%80%8F%E5%8F%B0%E6%9C%AC/dp/B0BXCP4MGT?__mk_ja_JP=%E3%82%AB%E3%82%BF%E3%82%AB%E3%83%8A&crid=35J22VADEMIPE&keywords=%E5%AF%8C%E8%B1%AA%E3%82%BF%E3%82%A4%E3%83%95%E3%83%BC%E3%83%B3&qid=1693726514&s=books&sprefix=%E5%AF%8C%E8%B1%AA%E3%82%BF%E3%82%A4%E3%83%95%E3%83%BC%E3%83%B3%2Cstripbooks%2C169&sr=1-1-catcorr&linkCode=li2&tag=gekidankata00-22&linkId=7d6744cfeca8ea7c6aa93c6a3440bbea&language=ja_JP&ref_=as_li_ss_il'"" target='""_blank'""><img border='""0'"" src='""//ws-fe.amazon-adsystem.com/widgets/q?_encoding=UTF8&ASIN=B0BXCP4MGT&Format=_SL160_&ID=AsinImage&MarketPlace=JP&ServiceVersion=20070822&WS=1&tag=gekidankata00-22&language=ja_JP'"" ></a><img src='""https://ir-jp.amazon-adsystem.com/e/ir?t=gekidankata00-22&language=ja_JP&l=li2&o=9&a=B0BXCP4MGT'"" width='""1'"" height='""1'"" border='""0'"" alt='""'"" style='""border:none !important; margin:0px !important;'"" />""","<iframe sandbox='allow-popups allow-scripts allow-modals allow-forms allow-same-origin'"" style='""width:120px;height:240px;'"" marginwidth='""0'"" marginheight='""0'"" scrolling='""no'"" frameborder='""0'"" src='""//rcm-fe.amazon-adsystem.com/e/cm?lt1=_blank&bc1=000000&IS2=1&bg1=FFFFFF&fc1=000000&lc1=0000FF&t=gekidankata00-22&language=ja_JP&o=9&p=8&l=as4&m=amazon&f=ifr&ref=as_ss_li_til&asins=B0BXCP4MGT&linkId=2ef2eb95d358be99e793a245f19648d2'""></iframe>""",,,,,
9,消失,,3,4,2,-1,6,150,,,https://amzn.to/47W0Ox5,"<a href='https://www.amazon.co.jp/%E3%82%B1%E3%83%A9%E3%83%AA%E3%83%BC%E3%83%8E%E3%83%BB%E3%82%B5%E3%83%B3%E3%83%89%E3%83%AD%E3%83%B4%E3%82%A3%E3%83%83%E3%83%81-%E6%B6%88%E5%A4%B1-%E7%A5%9E%E6%A7%98%E3%81%A8%E3%81%9D%E3%81%AE%E4%BB%96%E3%81%AE%E5%A4%89%E7%A8%AE-%E3%83%8F%E3%83%A4%E3%82%AB%E3%83%AF%E6%BC%94%E5%8A%87%E6%96%87%E5%BA%AB/dp/415140032X?crid=LS9CSHMT11EC&keywords=%E6%B6%88%E5%A4%B1+%E3%82%B1%E3%83%A9%E3%83%AA%E3%83%BC%E3%83%8E&qid=1693726553&s=books&sprefix=%E6%B6%88%E5%A4%B1+%E3%81%91%E3%82%89%E3%82%8A%E3%83%BC%2Cstripbooks%2C168&sr=1-1&linkCode=li2&tag=gekidankata00-22&linkId=99f258099f468c24ee95b3c6da8860fe&language=ja_JP&ref_=as_li_ss_il'"" target='""_blank'""><img border='""0'"" src='""//ws-fe.amazon-adsystem.com/widgets/q?_encoding=UTF8&ASIN=415140032X&Format=_SL160_&ID=AsinImage&MarketPlace=JP&ServiceVersion=20070822&WS=1&tag=gekidankata00-22&language=ja_JP'"" ></a><img src='""https://ir-jp.amazon-adsystem.com/e/ir?t=gekidankata00-22&language=ja_JP&l=li2&o=9&a=415140032X'"" width='""1'"" height='""1'"" border='""0'"" alt='""'"" style='""border:none !important; margin:0px !important;'"" />""","<iframe sandbox='allow-popups allow-scripts allow-modals allow-forms allow-same-origin'"" style='""width:120px;height:240px;'"" marginwidth='""0'"" marginheight='""0'"" scrolling='""no'"" frameborder='""0'"" src='""//rcm-fe.amazon-adsystem.com/e/cm?lt1=_blank&bc1=000000&IS2=1&bg1=FFFFFF&fc1=000000&lc1=0000FF&t=gekidankata00-22&language=ja_JP&o=9&p=8&l=as4&m=amazon&f=ifr&ref=as_ss_li_til&asins=415140032X&linkId=af1bffb09a81443ae77d68d3878acaff'""></iframe>""",,,,,9784151400100
10,パンドラの鐘,,9,-1,-1,-1,12,130,,,https://amzn.to/3ZhwHwl,"<a href='https://www.amazon.co.jp/20%E4%B8%96%E7%B4%80%E6%9C%80%E5%BE%8C%E3%81%AE%E6%88%AF%E6%9B%B2%E9%9B%86-%E9%87%8E%E7%94%B0-%E7%A7%80%E6%A8%B9/dp/4103405120?__mk_ja_JP=%E3%82%AB%E3%82%BF%E3%82%AB%E3%83%8A&crid=O5BFBUCSICFW&keywords=%E3%83%91%E3%83%B3%E3%83%89%E3%83%A9%E3%81%AE%E9%90%98&qid=1693726595&s=books&sprefix=%E3%83%91%E3%83%B3%E3%83%89%E3%83%A9%E3%81%AE%E9%90%98%2Cstripbooks%2C171&sr=1-1&linkCode=li2&tag=gekidankata00-22&linkId=58ba37ef65be76efaf9ae0c7c0d6f188&language=ja_JP&ref_=as_li_ss_il'"" target='""_blank'""><img border='""0'"" src='""//ws-fe.amazon-adsystem.com/widgets/q?_encoding=UTF8&ASIN=4103405120&Format=_SL160_&ID=AsinImage&MarketPlace=JP&ServiceVersion=20070822&WS=1&tag=gekidankata00-22&language=ja_JP'"" ></a><img src='""https://ir-jp.amazon-adsystem.com/e/ir?t=gekidankata00-22&language=ja_JP&l=li2&o=9&a=4103405120'"" width='""1'"" height='""1'"" border='""0'"" alt='""'"" style='""border:none !important; margin:0px !important;'"" />""","<iframe sandbox='allow-popups allow-scripts allow-modals allow-forms allow-same-origin'"" style='""width:120px;height:240px;'"" marginwidth='""0'"" marginheight='""0'"" scrolling='""no'"" frameborder='""0'"" src='""//rcm-fe.amazon-adsystem.com/e/cm?lt1=_blank&bc1=000000&IS2=1&bg1=FFFFFF&fc1=000000&lc1=0000FF&t=gekidankata00-22&language=ja_JP&o=9&p=8&l=as4&m=amazon&f=ifr&ref=as_ss_li_til&asins=4103405120&linkId=4bfc68ebdb0f2e169ddb61122098ab91'""></iframe>""",,,,,9784103405122
11,神戸北ホテル,,16,-1,-1,-1,12,-1,,/bookimg/13.jpg,https://amzn.to/3sG8gwg,"<a href='https://www.amazon.co.jp/%E7%A5%9E%E6%88%B8%E5%8C%97%E3%83%9B%E3%83%86%E3%83%AB-%E5%B0%8F%E5%B9%A1%E6%AC%A3%E6%B2%BB%E6%88%AF%E6%9B%B2%E9%9B%86-%E5%B0%8F%E5%B9%A1-%E6%AC%A3%E6%B2%BB/dp/4152092203?__mk_ja_JP=%E3%82%AB%E3%82%BF%E3%82%AB%E3%83%8A&crid=6WZDC0TV0BPR&keywords=%E7%A5%9E%E6%88%B8%E5%8C%97%E3%83%9B%E3%83%86%E3%83%AB&qid=1693726622&s=books&sprefix=%E7%A5%9E%E6%88%B8%E5%8C%97%E3%83%9B%E3%83%86%E3%83%AB%2Cstripbooks%2C172&sr=1-1&linkCode=li2&tag=gekidankata00-22&linkId=3d7c16999f21c010886719b35a2bfe4c&language=ja_JP&ref_=as_li_ss_il'"" target='""_blank'""><img border='""0'"" src='""//ws-fe.amazon-adsystem.com/widgets/q?_encoding=UTF8&ASIN=4152092203&Format=_SL160_&ID=AsinImage&MarketPlace=JP&ServiceVersion=20070822&WS=1&tag=gekidankata00-22&language=ja_JP'"" ></a><img src='""https://ir-jp.amazon-adsystem.com/e/ir?t=gekidankata00-22&language=ja_JP&l=li2&o=9&a=4152092203'"" width='""1'"" height='""1'"" border='""0'"" alt='""'"" style='""border:none !important; margin:0px !important;'"" />""","<iframe sandbox='allow-popups allow-scripts allow-modals allow-forms allow-same-origin'"" style='""width:120px;height:240px;'"" marginwidth='""0'"" marginheight='""0'"" scrolling='""no'"" frameborder='""0'"" src='""//rcm-fe.amazon-adsystem.com/e/cm?lt1=_blank&bc1=000000&IS2=1&bg1=FFFFFF&fc1=000000&lc1=0000FF&t=gekidankata00-22&language=ja_JP&o=9&p=8&l=as4&m=amazon&f=ifr&ref=as_ss_li_til&asins=4152092203&linkId=16f418bfc4dd6aa67d2161843eb1bd7a'""></iframe>""",,,,,9784152092205
12,笑顔の砦,,4,4,2,-1,6,120,,,,,,,,,,
13,マッチ売りの少女,,10,2,2,-1,4,90,,,https://amzn.to/3P5oWVu,"<a href='https://www.amazon.co.jp/%E3%83%9E%E3%83%83%E3%83%81%E5%A3%B2%E3%82%8A%E3%81%AE%E5%B0%91%E5%A5%B3-%E8%B1%A1%E2%80%95%E5%88%A5%E5%BD%B9%E5%AE%9F%E6%88%AF%E6%9B%B2%E9%9B%86-%E5%88%A5%E5%BD%B9-%E5%AE%9F/dp/4380692043?__mk_ja_JP=%E3%82%AB%E3%82%BF%E3%82%AB%E3%83%8A&crid=14IONT4CIJ8GN&keywords=%E3%83%9E%E3%83%83%E3%83%81%E5%A3%B2%E3%82%8A%E3%81%AE%E5%B0%91%E5%A5%B3+%E5%88%A5%E5%BD%B9&qid=1693726660&s=books&sprefix=%E3%83%9E%E3%83%83%E3%83%81%E5%A3%B2%E3%82%8A%E3%81%AE%E5%B0%91%E5%A5%B3+%E3%81%B9%E3%81%A4%E3%82%84%E3%81%8F%2Cstripbooks%2C178&sr=1-1&linkCode=li2&tag=gekidankata00-22&linkId=4e30eca52e1404d4e0c88844291ba6a6&language=ja_JP&ref_=as_li_ss_il'"" target='""_blank'""><img border='""0'"" src='""//ws-fe.amazon-adsystem.com/widgets/q?_encoding=UTF8&ASIN=4380692043&Format=_SL160_&ID=AsinImage&MarketPlace=JP&ServiceVersion=20070822&WS=1&tag=gekidankata00-22&language=ja_JP'"" ></a><img src='""https://ir-jp.amazon-adsystem.com/e/ir?t=gekidankata00-22&language=ja_JP&l=li2&o=9&a=4380692043'"" width='""1'"" height='""1'"" border='""0'"" alt='""'"" style='""border:none !important; margin:0px !important;'"" />""","<iframe sandbox='allow-popups allow-scripts allow-modals allow-forms allow-same-origin'"" style='""width:120px;height:240px;'"" marginwidth='""0'"" marginheight='""0'"" scrolling='""no'"" frameborder='""0'"" src='""//rcm-fe.amazon-adsystem.com/e/cm?lt1=_blank&bc1=000000&IS2=1&bg1=FFFFFF&fc1=000000&lc1=0000FF&t=gekidankata00-22&language=ja_JP&o=9&p=8&l=as4&m=amazon&f=ifr&ref=as_ss_li_til&asins=4380692043&linkId=ef12e02c947311bb72541e24b72bba17'""></iframe>""",,https://amzn.to/44FQ17k,<iframe sandbox=allow-popups allow-scripts allow-modals allow-forms allow-same-origin style=width:120px;height:240px; marginwidth=0 marginheight=0 scrolling=no frameborder=0 src=//rcm-fe.amazon-adsystem.com/e/cm?lt1=_blank&bc1=000000&IS2=1&bg1=FFFFFF&fc1=000000&lc1=0000FF&t=gekidankata00-22&language=ja_JP&o=9&p=8&l=as4&m=amazon&f=ifr&ref=as_ss_li_til&asins=4380692043&linkId=c272746318e001149979a0b63bd81429></iframe>,,
14,たった一人の戦争,,14,9,13,-1,12,-1,,/bookimg/14.jpg,https://amzn.to/3P9WLou,"<a href='https://www.amazon.co.jp/%E3%83%90%E3%83%BC%E3%83%88%E3%83%AB%E3%83%93%E3%83%BC%E3%82%BA-%E3%81%9F%E3%81%A3%E3%81%9F%E4%B8%80%E4%BA%BA%E3%81%AE%E6%88%A6%E4%BA%89-%E5%9D%82%E6%89%8B%E6%B4%8B%E4%BA%8C%E6%88%AF%E6%9B%B2%E9%9B%86-%E5%9D%82%E6%89%8B-%E6%B4%8B%E4%BA%8C/dp/4779123429?__mk_ja_JP=%E3%82%AB%E3%82%BF%E3%82%AB%E3%83%8A&crid=JU8FSDZCF8P6&keywords=%E3%81%9F%E3%81%A3%E3%81%9F%E4%B8%80%E4%BA%BA%E3%81%AE%E6%88%A6%E4%BA%89&qid=1693726715&s=books&sprefix=%E3%81%9F%E3%81%A3%E3%81%9F%E4%B8%80%E4%BA%BA%E3%81%AE%E6%88%A6%E4%BA%89%2Cstripbooks%2C179&sr=1-3&linkCode=li2&tag=gekidankata00-22&linkId=7ba2c5c626dc4e55650c15947a2d5d42&language=ja_JP&ref_=as_li_ss_il'"" target='""_blank'""><img border='""0'"" src='""//ws-fe.amazon-adsystem.com/widgets/q?_encoding=UTF8&ASIN=4779123429&Format=_SL160_&ID=AsinImage&MarketPlace=JP&ServiceVersion=20070822&WS=1&tag=gekidankata00-22&language=ja_JP'"" ></a><img src='""https://ir-jp.amazon-adsystem.com/e/ir?t=gekidankata00-22&language=ja_JP&l=li2&o=9&a=4779123429'"" width='""1'"" height='""1'"" border='""0'"" alt='""'"" style='""border:none !important; margin:0px !important;'"" />""","<iframe sandbox='allow-popups allow-scripts allow-modals allow-forms allow-same-origin'"" style='""width:120px;height:240px;'"" marginwidth='""0'"" marginheight='""0'"" scrolling='""no'"" frameborder='""0'"" src='""//rcm-fe.amazon-adsystem.com/e/cm?lt1=_blank&bc1=000000&IS2=1&bg1=FFFFFF&fc1=000000&lc1=0000FF&t=gekidankata00-22&language=ja_JP&o=9&p=8&l=as4&m=amazon&f=ifr&ref=as_ss_li_til&asins=4779123429&linkId=6106b5261c5f1744dead5ba883185eac'""></iframe>""",,,,,9784779123429
15,ある日、ぼくらは夢の中で出会う,,12,4,-1,-1,4,-1,,/bookimg/15.jpg,https://amzn.to/3Ep2DFg,"<a href='https://www.amazon.co.jp/%E3%81%82%E3%82%8B%E6%97%A5%E3%80%81%E3%81%BC%E3%81%8F%E3%82%89%E3%81%AF%E5%A4%A2%E3%81%AE%E4%B8%AD%E3%81%A7%E5%87%BA%E4%BC%9A%E3%81%86-theater-book-1-%E9%AB%98%E6%A9%8B%E3%81%84%E3%81%95%E3%82%92/dp/4846018741?__mk_ja_JP=%E3%82%AB%E3%82%BF%E3%82%AB%E3%83%8A&crid=3UYLF6BSPGO9Y&keywords=%E3%81%82%E3%82%8B%E6%97%A5%E3%80%81%E3%81%BC%E3%81%8F%E3%82%89%E3%81%AF%E5%A4%A2%E3%81%AE%E4%B8%AD%E3%81%A7%E5%87%BA%E4%BC%9A%E3%81%86&qid=1693726737&s=books&sprefix=%E3%81%82%E3%82%8B%E6%97%A5+%E3%81%BC%E3%81%8F%E3%82%89%E3%81%AF%E5%A4%A2%E3%81%AE%E4%B8%AD%E3%81%A7%E5%87%BA%E4%BC%9A%E3%81%86%2Cstripbooks%2C178&sr=1-1&linkCode=li2&tag=gekidankata00-22&linkId=628e24b2f963aea430edbe54e70208fb&language=ja_JP&ref_=as_li_ss_il'"" target='""_blank'""><img border='""0'"" src='""//ws-fe.amazon-adsystem.com/widgets/q?_encoding=UTF8&ASIN=4846018741&Format=_SL160_&ID=AsinImage&MarketPlace=JP&ServiceVersion=20070822&WS=1&tag=gekidankata00-22&language=ja_JP'"" ></a><img src='""https://ir-jp.amazon-adsystem.com/e/ir?t=gekidankata00-22&language=ja_JP&l=li2&o=9&a=4846018741'"" width='""1'"" height='""1'"" border='""0'"" alt='""'"" style='""border:none !important; margin:0px !important;'"" />""","<iframe sandbox='allow-popups allow-scripts allow-modals allow-forms allow-same-origin'"" style='""width:120px;height:240px;'"" marginwidth='""0'"" marginheight='""0'"" scrolling='""no'"" frameborder='""0'"" src='""//rcm-fe.amazon-adsystem.com/e/cm?lt1=_blank&bc1=000000&IS2=1&bg1=FFFFFF&fc1=000000&lc1=0000FF&t=gekidankata00-22&language=ja_JP&o=9&p=8&l=as4&m=amazon&f=ifr&ref=as_ss_li_til&asins=4846018741&linkId=9b8736b853c2bb3257c3ea05ab4ac2f8'""></iframe>""",,https://amzn.to/45P2re2,,,9784846018740
16,象,,10,8,2,-1,10,150,病人と甥の男、両者はヒバクシャ（原子爆弾の被爆者）で、病人は元街頭パフォーマーでケロイドを見せて喝采を浴びた。しかし、病状が悪化し入院している。二人は生き方に違いがあり、病人は情熱的に生きることを望み、男は静かに死を受け入れることを好む。この対照的な生き方から、ヒバクシャの問題や社会の問題が浮かび上がる。最終的に男も発病し、病人の隣で入院する。そして、ある日、病人は町を訪れる決意をする。,/bookimg/16.jpg,https://amzn.to/3OYo6tD,"<a href='https://www.amazon.co.jp/%E5%88%A5%E5%BD%B9%E5%AE%9F-%E5%A3%8A%E3%82%8C%E3%81%9F%E9%A2%A8%E6%99%AF-%E8%B1%A1-%E3%83%8F%E3%83%A4%E3%82%AB%E3%83%AF%E6%BC%94%E5%8A%87%E6%96%87%E5%BA%AB-10/dp/4151400109?__mk_ja_JP=%E3%82%AB%E3%82%BF%E3%82%AB%E3%83%8A&crid=2ZZUSG5GE2WEF&keywords=%E8%B1%A1+%E5%88%A5%E5%BD%B9&qid=1693726758&s=books&sprefix=%E8%B1%A1+%E3%81%B9%E3%81%A4%E3%82%84%E3%81%8F%2Cstripbooks%2C175&sr=1-1&linkCode=li2&tag=gekidankata00-22&linkId=5878a238727acec7e774d054b77bf332&language=ja_JP&ref_=as_li_ss_il'"" target='""_blank'""><img border='""0'"" src='""//ws-fe.amazon-adsystem.com/widgets/q?_encoding=UTF8&ASIN=4151400109&Format=_SL160_&ID=AsinImage&MarketPlace=JP&ServiceVersion=20070822&WS=1&tag=gekidankata00-22&language=ja_JP'"" ></a><img src='""https://ir-jp.amazon-adsystem.com/e/ir?t=gekidankata00-22&language=ja_JP&l=li2&o=9&a=4151400109'"" width='""1'"" height='""1'"" border='""0'"" alt='""'"" style='""border:none !important; margin:0px !important;'"" />""","<iframe sandbox='allow-popups allow-scripts allow-modals allow-forms allow-same-origin'"" style='""width:120px;height:240px;'"" marginwidth='""0'"" marginheight='""0'"" scrolling='""no'"" frameborder='""0'"" src='""//rcm-fe.amazon-adsystem.com/e/cm?lt1=_blank&bc1=000000&IS2=1&bg1=FFFFFF&fc1=000000&lc1=0000FF&t=gekidankata00-22&language=ja_JP&o=9&p=8&l=as4&m=amazon&f=ifr&ref=as_ss_li_til&asins=4151400109&linkId=0b8b30003d13f029085457b7839b195b'""></iframe>""",,https://amzn.to/3PkxeKs,,,9784151400100
17,燕のいる駅,,13,5,2,-1,7,110,春、燕が巣をつくる頃。昔なつかしい日本の風景を模してつくられたテーマパーク「日本村四番」。そこにある駅も、一昔前にあったローカル線の駅舎を思わせる。いつもと変わらない穏やかな時間。しかし、遠くの空にタヌキの形をした雲が現れたことから島は不穏な空気に覆われていく。 前日の列車でほとんどの人が島を後にした。駅に残されたわずかな人々は、繰り返される到着アナウンスを聴きながら連絡も取れなくなった島の外からの列車をひたすら待っている。あたたかく晴れた春の日。風景は平和そのものなのに、何かが終わる気配が近づいて来る。そして、タヌキの雲はゆっくりと少しずつ大きくなり……,,,,,,,,,
18,旅行者,,2,3,6,-1,9,120,街を追われた異邦人の三人姉妹が親戚の叔父を頼ってある村を訪ねる。しかし教えられた住所は間違っていて、肝心の叔父も不在であることが分かる。疲れ果てた姉妹は途方に暮れる。海の向こうの故郷はまだまだ遠いのにと。そんなところに一人の女性が現れて言った。「わたしも姉妹の一人です」と。,,https://amzn.to/3Z05nCk,"<a href='https://www.amazon.co.jp/%E6%97%85%E8%A1%8C%E8%80%85-%E7%94%B0%E8%BE%BA%E5%89%9B-ebook/dp/B00S3TA316?__mk_ja_JP=%E3%82%AB%E3%82%BF%E3%82%AB%E3%83%8A&crid=N48I4TK2ZNJ2&keywords=%E6%97%85%E8%A1%8C%E8%80%85&qid=1693726829&s=books&sprefix=%E6%97%85%E8%A1%8C%E8%80%85%2Cstripbooks%2C171&sr=1-2&linkCode=li2&tag=gekidankata00-22&linkId=fdd2963de20a31582094eeb6bbd94df1&language=ja_JP&ref_=as_li_ss_il'"" target='""_blank'""><img border='""0'"" src='""//ws-fe.amazon-adsystem.com/widgets/q?_encoding=UTF8&ASIN=B00S3TA316&Format=_SL160_&ID=AsinImage&MarketPlace=JP&ServiceVersion=20070822&WS=1&tag=gekidankata00-22&language=ja_JP'"" ></a><img src='""https://ir-jp.amazon-adsystem.com/e/ir?t=gekidankata00-22&language=ja_JP&l=li2&o=9&a=B00S3TA316'"" width='""1'"" height='""1'"" border='""0'"" alt='""'"" style='""border:none !important; margin:0px !important;'"" />""","<iframe sandbox='allow-popups allow-scripts allow-modals allow-forms allow-same-origin'"" style='""width:120px;height:240px;'"" marginwidth='""0'"" marginheight='""0'"" scrolling='""no'"" frameborder='""0'"" src='""//rcm-fe.amazon-adsystem.com/e/cm?lt1=_blank&bc1=000000&IS2=1&bg1=FFFFFF&fc1=000000&lc1=0000FF&t=gekidankata00-22&language=ja_JP&o=9&p=8&l=as4&m=amazon&f=ifr&ref=as_ss_li_til&asins=B00S3TA316&linkId=f7eb791760001fc64ef0aa4a515422f6'""></iframe>""",,,,,
19,渇いた蜃気楼,,2,2,1,-1,3,90,,,https://amzn.to/3Z0g7ke,"<a href='https://www.amazon.co.jp/%E6%B8%87%E3%81%84%E3%81%9F%E8%9C%83%E6%B0%97%E6%A5%BC-%E7%94%B0%E8%BE%BA%E5%89%9B-ebook/dp/B00S6NBDBI?__mk_ja_JP=%E3%82%AB%E3%82%BF%E3%82%AB%E3%83%8A&crid=1B7LF9CRJH042&keywords=%E6%B8%87%E3%81%84%E3%81%9F%E8%9C%83%E6%B0%97%E6%A5%BC&qid=1693726870&s=books&sprefix=%E6%B8%87%E3%81%84%E3%81%9F%E8%9C%83%E6%B0%97%E6%A5%BC%2Cstripbooks%2C172&sr=1-1&linkCode=li2&tag=gekidankata00-22&linkId=ee1772de2188bbdef59d05b3341e4468&language=ja_JP&ref_=as_li_ss_il'"" target='""_blank'""><img border='""0'"" src='""//ws-fe.amazon-adsystem.com/widgets/q?_encoding=UTF8&ASIN=B00S6NBDBI&Format=_SL160_&ID=AsinImage&MarketPlace=JP&ServiceVersion=20070822&WS=1&tag=gekidankata00-22&language=ja_JP'"" ></a><img src='""https://ir-jp.amazon-adsystem.com/e/ir?t=gekidankata00-22&language=ja_JP&l=li2&o=9&a=B00S6NBDBI'"" width='""1'"" height='""1'"" border='""0'"" alt='""'"" style='""border:none !important; margin:0px !important;'"" />""","<iframe sandbox='allow-popups allow-scripts allow-modals allow-forms allow-same-origin'"" style='""width:120px;height:240px;'"" marginwidth='""0'"" marginheight='""0'"" scrolling='""no'"" frameborder='""0'"" src='""//rcm-fe.amazon-adsystem.com/e/cm?lt1=_blank&bc1=000000&IS2=1&bg1=FFFFFF&fc1=000000&lc1=0000FF&t=gekidankata00-22&language=ja_JP&o=9&p=8&l=as4&m=amazon&f=ifr&ref=as_ss_li_til&asins=B00S6NBDBI&linkId=8d44c92819e698714e7979aac0461558'""></iframe>""",,,,,
20,表にでろいっ！,,9,2,1,-1,3,80,,/bookimg/20.jpg,https://amzn.to/45GVE6M,"<a href='https://www.amazon.co.jp/21%E4%B8%96%E7%B4%80%E3%82%92%E4%BF%A1%E3%81%98%E3%81%A6%E3%81%BF%E3%82%8B%E6%88%AF%E6%9B%B2%E9%9B%86-%E9%87%8E%E7%94%B0-%E7%A7%80%E6%A8%B9/dp/4103405163?__mk_ja_JP=%E3%82%AB%E3%82%BF%E3%82%AB%E3%83%8A&crid=3NN6DIL4TRNXJ&keywords=%E8%A1%A8%E3%81%AB%E3%81%A7%E3%82%8D%E3%81%84%E3%81%A3%EF%BC%81+%E9%87%8E%E7%94%B0&qid=1693726892&s=books&sprefix=%E8%A1%A8%E3%81%AB%E3%81%A7%E3%82%8D%E3%81%84%E3%81%A3+%E9%87%8E%E7%94%B0%2Cstripbooks%2C177&sr=1-1&linkCode=li2&tag=gekidankata00-22&linkId=5ac826cddd7ffe7cd091a37bdb96e8bc&language=ja_JP&ref_=as_li_ss_il'"" target='""_blank'""><img border='""0'"" src='""//ws-fe.amazon-adsystem.com/widgets/q?_encoding=UTF8&ASIN=4103405163&Format=_SL160_&ID=AsinImage&MarketPlace=JP&ServiceVersion=20070822&WS=1&tag=gekidankata00-22&language=ja_JP'"" ></a><img src='""https://ir-jp.amazon-adsystem.com/e/ir?t=gekidankata00-22&language=ja_JP&l=li2&o=9&a=4103405163'"" width='""1'"" height='""1'"" border='""0'"" alt='""'"" style='""border:none !important; margin:0px !important;'"" />""","<iframe sandbox='allow-popups allow-scripts allow-modals allow-forms allow-same-origin'"" style='""width:120px;height:240px;'"" marginwidth='""0'"" marginheight='""0'"" scrolling='""no'"" frameborder='""0'"" src='""//rcm-fe.amazon-adsystem.com/e/cm?lt1=_blank&bc1=000000&IS2=1&bg1=FFFFFF&fc1=000000&lc1=0000FF&t=gekidankata00-22&language=ja_JP&o=9&p=8&l=as4&m=amazon&f=ifr&ref=as_ss_li_til&asins=4103405163&linkId=c5a3f90ad8597b7baa1f234244470fd4'""></iframe>""",,,,,9784103405160
21,甘え,,11,2,3,-1,5,90,,,,,,,,,,
22,歌わせたい男たち,,20,3,2,-1,5,110,,,https://amzn.to/45Q4fDS,"<a href='https://www.amazon.co.jp/%E6%AD%8C%E3%82%8F%E3%81%9B%E3%81%9F%E3%81%84%E7%94%B7%E3%81%9F%E3%81%A1-%E6%B0%B8%E4%BA%95-%E6%84%9B/dp/4880593478?__mk_ja_JP=%E3%82%AB%E3%82%BF%E3%82%AB%E3%83%8A&crid=3LD90JSV7RSKA&keywords=%E6%AD%8C%E3%82%8F%E3%81%9B%E3%81%9F%E3%81%84%E7%94%B7%E3%81%9F%E3%81%A1&qid=1693726970&s=books&sprefix=%E6%AD%8C%E3%82%8F%E3%81%9B%E3%81%9F%E3%81%84%E7%94%B7%E3%81%9F%E3%81%A1%2Cstripbooks%2C179&sr=1-1&linkCode=li2&tag=gekidankata00-22&linkId=3e332b1e4d0f75e9f46875bfb2b5cd5d&language=ja_JP&ref_=as_li_ss_il'"" target='""_blank'""><img border='""0'"" src='""//ws-fe.amazon-adsystem.com/widgets/q?_encoding=UTF8&ASIN=4880593478&Format=_SL160_&ID=AsinImage&MarketPlace=JP&ServiceVersion=20070822&WS=1&tag=gekidankata00-22&language=ja_JP'"" ></a><img src='""https://ir-jp.amazon-adsystem.com/e/ir?t=gekidankata00-22&language=ja_JP&l=li2&o=9&a=4880593478'"" width='""1'"" height='""1'"" border='""0'"" alt='""'"" style='""border:none !important; margin:0px !important;'"" />""","<iframe sandbox='allow-popups allow-scripts allow-modals allow-forms allow-same-origin'"" style='""width:120px;height:240px;'"" marginwidth='""0'"" marginheight='""0'"" scrolling='""no'"" frameborder='""0'"" src='""//rcm-fe.amazon-adsystem.com/e/cm?lt1=_blank&bc1=000000&IS2=1&bg1=FFFFFF&fc1=000000&lc1=0000FF&t=gekidankata00-22&language=ja_JP&o=9&p=8&l=as4&m=amazon&f=ifr&ref=as_ss_li_til&asins=4880593478&linkId=97736038e1fc608770129b66ec5c2d8d'""></iframe>""",,,,,9784880593470
23,犬が西向きゃ尾は東,,10,4,2,-1,6,100,,,https://amzn.to/3P5BiwH,"<a href='https://www.amazon.co.jp/%E3%81%9B%E3%82%8A%E3%81%B5%E3%81%AE%E6%99%82%E4%BB%A3-2007%E5%B9%B4-08%E6%9C%88%E5%8F%B7-%E9%9B%91%E8%AA%8C/dp/B000S5QVKA?__mk_ja_JP=%E3%82%AB%E3%82%BF%E3%82%AB%E3%83%8A&keywords=%E3%81%9B%E3%82%8A%E3%81%B5%E3%81%AE%E6%99%82%E4%BB%A3+2007%E5%B9%B4+08%E6%9C%88%E5%8F%B7&qid=1583908631&s=books&sr=1-1&linkCode=li2&tag=gekidankata00-22&linkId=fd914557c4d9e8ccc083c110e3256ab9&language=ja_JP&ref_=as_li_ss_il'"" target='""_blank'""><img border='""0'"" src='""//ws-fe.amazon-adsystem.com/widgets/q?_encoding=UTF8&ASIN=B000S5QVKA&Format=_SL160_&ID=AsinImage&MarketPlace=JP&ServiceVersion=20070822&WS=1&tag=gekidankata00-22&language=ja_JP'"" ></a><img src='""https://ir-jp.amazon-adsystem.com/e/ir?t=gekidankata00-22&language=ja_JP&l=li2&o=9&a=B000S5QVKA'"" width='""1'"" height='""1'"" border='""0'"" alt='""'"" style='""border:none !important; margin:0px !important;'"" />""","<iframe sandbox='allow-popups allow-scripts allow-modals allow-forms allow-same-origin'"" style='""width:120px;height:240px;'"" marginwidth='""0'"" marginheight='""0'"" scrolling='""no'"" frameborder='""0'"" src='""//rcm-fe.amazon-adsystem.com/e/cm?lt1=_blank&bc1=000000&IS2=1&bg1=FFFFFF&fc1=000000&lc1=0000FF&t=gekidankata00-22&language=ja_JP&o=9&p=8&l=as4&m=amazon&f=ifr&ref=as_ss_li_til&asins=B000S5QVKA&linkId=0fdc8c2f914ea0f0797a6e569bfdbabd'""></iframe>""",,,,,
24,てのひらのさかな,,7,2,3,-1,5,80,,,,,,http://suiseidou.cool.coocan.jp/oms2.html,,,,
25,その鉄塔に男たちはいるという,,13,5,-1,-1,5,90,,,,,,https://playtextdigitalarchive.com/drama/detail/148,,,,
26,愚者には見えないラ・マンチャの王様の裸,,15,6,4,-1,10,120,,,https://amzn.to/45VBntH,"<a href='https://www.amazon.co.jp/%E6%84%9A%E8%80%85%E3%81%AB%E3%81%AF%E8%A6%8B%E3%81%88%E3%81%AA%E3%81%84%E3%83%A9%E3%83%BB%E3%83%9E%E3%83%B3%E3%83%81%E3%83%A3%E3%81%AE%E7%8E%8B%E6%A7%98%E3%81%AE%E8%A3%B8%E2%80%95%E6%A8%AA%E5%86%85%E8%AC%99%E4%BB%8B%E6%88%AF%E6%9B%B2%E9%9B%86-%E6%A8%AA%E5%86%85-%E8%AC%99%E4%BB%8B/dp/4885370302?&linkCode=li2&tag=gekidankata00-22&linkId=f505d4913fd26518992ab14198815746&language=ja_JP&ref_=as_li_ss_il'"" target='""_blank'""><img border='""0'"" src='""//ws-fe.amazon-adsystem.com/widgets/q?_encoding=UTF8&ASIN=4885370302&Format=_SL160_&ID=AsinImage&MarketPlace=JP&ServiceVersion=20070822&WS=1&tag=gekidankata00-22&language=ja_JP'"" ></a><img src='""https://ir-jp.amazon-adsystem.com/e/ir?t=gekidankata00-22&language=ja_JP&l=li2&o=9&a=4885370302'"" width='""1'"" height='""1'"" border='""0'"" alt='""'"" style='""border:none !important; margin:0px !important;'"" />""","<iframe sandbox='allow-popups allow-scripts allow-modals allow-forms allow-same-origin'"" style='""width:120px;height:240px;'"" marginwidth='""0'"" marginheight='""0'"" scrolling='""no'"" frameborder='""0'"" src='""//rcm-fe.amazon-adsystem.com/e/cm?lt1=_blank&bc1=000000&IS2=1&bg1=FFFFFF&fc1=000000&lc1=0000FF&t=gekidankata00-22&language=ja_JP&o=9&p=8&l=as4&m=amazon&f=ifr&ref=as_ss_li_til&asins=4885370302&linkId=593230b6e5e624e5f790c027e8eefa69'""></iframe>""",,,,,9784885370304
27,ブレスレス,,14,-1,-1,-1,12,-1,,,https://amzn.to/462woYl,"<a href='https://www.amazon.co.jp/%E3%83%96%E3%83%AC%E3%82%B9%E3%83%AC%E3%82%B9-%E3%82%AB%E3%83%A0%E3%82%A2%E3%82%A6%E3%83%88-%E6%96%B0%E7%89%88-%E5%9D%82%E6%89%8B-%E6%B4%8B%E4%BA%8C/dp/4880594350?__mk_ja_JP=%E3%82%AB%E3%82%BF%E3%82%AB%E3%83%8A&crid=23JGZ2E8F3GP8&keywords=%E3%83%96%E3%83%AC%E3%82%B9%E3%83%AC%E3%82%B9&qid=1693926513&s=books&sprefix=%E3%83%96%E3%83%AC%E3%82%B9%E3%83%AC%E3%82%B9%2Cstripbooks%2C165&sr=1-1&linkCode=li2&tag=gekidankata00-22&linkId=defa63d481346b5c6fe673b66718bb5f&language=ja_JP&ref_=as_li_ss_il'"" target='""_blank'""><img border='""0'"" src='""//ws-fe.amazon-adsystem.com/widgets/q?_encoding=UTF8&ASIN=4880594350&Format=_SL160_&ID=AsinImage&MarketPlace=JP&ServiceVersion=20070822&WS=1&tag=gekidankata00-22&language=ja_JP'"" ></a><img src='""https://ir-jp.amazon-adsystem.com/e/ir?t=gekidankata00-22&language=ja_JP&l=li2&o=9&a=4880594350'"" width='""1'"" height='""1'"" border='""0'"" alt='""'"" style='""border:none !important; margin:0px !important;'"" />""","<iframe sandbox='allow-popups allow-scripts allow-modals allow-forms allow-same-origin'"" style='""width:120px;height:240px;'"" marginwidth='""0'"" marginheight='""0'"" scrolling='""no'"" frameborder='""0'"" src='""//rcm-fe.amazon-adsystem.com/e/cm?lt1=_blank&bc1=000000&IS2=1&bg1=FFFFFF&fc1=000000&lc1=0000FF&t=gekidankata00-22&language=ja_JP&o=9&p=8&l=as4&m=amazon&f=ifr&ref=as_ss_li_til&asins=4880594350&linkId=000d8799361af5c73ee642b7ad24bf20'""></iframe>""",,,,,9784880594354
28,THE BEE,,9,3,1,-1,4,80,,,https://amzn.to/47WNDfj,"<a href='https://www.amazon.co.jp/21%E4%B8%96%E7%B4%80%E3%82%92%E6%86%82%E3%81%88%E3%82%8B%E6%88%AF%E6%9B%B2%E9%9B%86-%E9%87%8E%E7%94%B0-%E7%A7%80%E6%A8%B9/dp/4103405147?__mk_ja_JP=%E3%82%AB%E3%82%BF%E3%82%AB%E3%83%8A&crid=3BDI1KNGJUU7V&keywords=21%E4%B8%96%E7%B4%80%E3%82%92%E6%86%82%E3%81%88%E3%82%8B%E6%88%AF%E6%9B%B2%E9%9B%86&qid=1693727359&s=books&sprefix=21%E4%B8%96%E7%B4%80%E3%82%92%E6%86%82%E3%81%88%E3%82%8B%E6%88%AF%E6%9B%B2%E9%9B%86%2Cstripbooks%2C176&sr=1-1&linkCode=li2&tag=gekidankata00-22&linkId=947d2c474a3ad2c704034de629de3de4&language=ja_JP&ref_=as_li_ss_il'"" target='""_blank'""><img border='""0'"" src='""//ws-fe.amazon-adsystem.com/widgets/q?_encoding=UTF8&ASIN=4103405147&Format=_SL160_&ID=AsinImage&MarketPlace=JP&ServiceVersion=20070822&WS=1&tag=gekidankata00-22&language=ja_JP'"" ></a><img src='""https://ir-jp.amazon-adsystem.com/e/ir?t=gekidankata00-22&language=ja_JP&l=li2&o=9&a=4103405147'"" width='""1'"" height='""1'"" border='""0'"" alt='""'"" style='""border:none !important; margin:0px !important;'"" />""","<iframe sandbox='allow-popups allow-scripts allow-modals allow-forms allow-same-origin'"" style='""width:120px;height:240px;'"" marginwidth='""0'"" marginheight='""0'"" scrolling='""no'"" frameborder='""0'"" src='""//rcm-fe.amazon-adsystem.com/e/cm?lt1=_blank&bc1=000000&IS2=1&bg1=FFFFFF&fc1=000000&lc1=0000FF&t=gekidankata00-22&language=ja_JP&o=9&p=8&l=as4&m=amazon&f=ifr&ref=as_ss_li_til&asins=4103405147&linkId=b327d7909c255cca8b46036921df4303'""></iframe>""",,,,,9784103405139
29,いとこ同志,,14,2,2,-1,4,120,,,https://amzn.to/3P4nvGS,"<a href='https://www.amazon.co.jp/%E3%81%84%E3%81%A8%E3%81%93%E5%90%8C%E5%BF%97-%E5%9D%82%E6%89%8B-%E6%B4%8B%E4%BA%8C/dp/4846203263?&linkCode=li2&tag=gekidankata00-22&linkId=770f12e7969a0c0d5ef6bc5db819edb7&language=ja_JP&ref_=as_li_ss_il'"" target='""_blank'""><img border='""0'"" src='""//ws-fe.amazon-adsystem.com/widgets/q?_encoding=UTF8&ASIN=4846203263&Format=_SL160_&ID=AsinImage&MarketPlace=JP&ServiceVersion=20070822&WS=1&tag=gekidankata00-22&language=ja_JP'"" ></a><img src='""https://ir-jp.amazon-adsystem.com/e/ir?t=gekidankata00-22&language=ja_JP&l=li2&o=9&a=4846203263'"" width='""1'"" height='""1'"" border='""0'"" alt='""'"" style='""border:none !important; margin:0px !important;'"" />""","<iframe sandbox='allow-popups allow-scripts allow-modals allow-forms allow-same-origin'"" style='""width:120px;height:240px;'"" marginwidth='""0'"" marginheight='""0'"" scrolling='""no'"" frameborder='""0'"" src='""//rcm-fe.amazon-adsystem.com/e/cm?lt1=_blank&bc1=000000&IS2=1&bg1=FFFFFF&fc1=000000&lc1=0000FF&t=gekidankata00-22&language=ja_JP&o=9&p=8&l=as4&m=amazon&f=ifr&ref=as_ss_li_til&asins=4846203263&linkId=9b167ffdae28376d1561e81af81bbb2d'""></iframe>""",,,,,9784846203269
30,屋根裏,,14,11,5,-1,12,120,,,https://amzn.to/3EoHRFV,"<a href='https://www.amazon.co.jp/%E5%9D%82%E6%89%8B%E6%B4%8B%E4%BA%8C-%E5%B1%8B%E6%A0%B9%E8%A3%8F-%E3%81%BF%E3%81%BF%E3%81%9A-%E3%83%8F%E3%83%A4%E3%82%AB%E3%83%AF%E6%BC%94%E5%8A%87%E6%96%87%E5%BA%AB-%E5%9D%82%E6%89%8B/dp/4151400079?__mk_ja_JP=%E3%82%AB%E3%82%BF%E3%82%AB%E3%83%8A&crid=KFR6BMTU22O9&keywords=%E5%B1%8B%E6%A0%B9%E8%A3%8F+%E5%9D%82%E6%89%8B&qid=1693927523&s=books&sprefix=%E5%B1%8B%E6%A0%B9%E8%A3%8F+%E5%9D%82%E6%89%8B%2Cstripbooks%2C169&sr=1-1&linkCode=li2&tag=gekidankata00-22&linkId=2b9e6cd8d60de0e9c083d1b08d3d2d55&language=ja_JP&ref_=as_li_ss_il'"" target='""_blank'""><img border='""0'"" src='""//ws-fe.amazon-adsystem.com/widgets/q?_encoding=UTF8&ASIN=4151400079&Format=_SL160_&ID=AsinImage&MarketPlace=JP&ServiceVersion=20070822&WS=1&tag=gekidankata00-22&language=ja_JP'"" ></a><img src='""https://ir-jp.amazon-adsystem.com/e/ir?t=gekidankata00-22&language=ja_JP&l=li2&o=9&a=4151400079'"" width='""1'"" height='""1'"" border='""0'"" alt='""'"" style='""border:none !important; margin:0px !important;'"" />""","<iframe sandbox='allow-popups allow-scripts allow-modals allow-forms allow-same-origin'"" style='""width:120px;height:240px;'"" marginwidth='""0'"" marginheight='""0'"" scrolling='""no'"" frameborder='""0'"" src='""//rcm-fe.amazon-adsystem.com/e/cm?lt1=_blank&bc1=000000&IS2=1&bg1=FFFFFF&fc1=000000&lc1=0000FF&t=gekidankata00-22&language=ja_JP&o=9&p=8&l=as4&m=amazon&f=ifr&ref=as_ss_li_til&asins=4151400079&linkId=18cdd38f7ec94332c04a3bc06571ce82'""></iframe>""",,,,,9784151400070
31,パノラマビールの夜,,21,3,3,-1,6,60,,,https://amzn.to/3YYglZj,"<a href='https://www.amazon.co.jp/%E3%80%90%E6%88%AF%E6%9B%B2%E3%80%91%E3%83%91%E3%83%8E%E3%83%A9%E3%83%9E%E3%83%93%E3%83%BC%E3%83%AB%E3%81%AE%E5%A4%9C%EF%BC%886%E4%BA%BA60%E5%88%86%EF%BC%89-%E4%B9%85%E9%87%8E%E9%82%A3%E7%BE%8E-ebook/dp/B09FZJBG6C?__mk_ja_JP=%E3%82%AB%E3%82%BF%E3%82%AB%E3%83%8A&crid=2S9XIVXXVR79E&keywords=%E3%83%91%E3%83%8E%E3%83%A9%E3%83%9E%E3%83%93%E3%83%BC%E3%83%AB%E3%81%AE%E5%A4%9C&qid=1693727386&s=books&sprefix=%E3%83%91%E3%83%8E%E3%83%A9%E3%83%9E%E3%83%93%E3%83%BC%E3%83%AB%E3%81%AE%E5%A4%9C%2Cstripbooks%2C176&sr=1-1&linkCode=li2&tag=gekidankata00-22&linkId=41868e2e5b70730ce7d69710657fe9a9&language=ja_JP&ref_=as_li_ss_il'"" target='""_blank'""><img border='""0'"" src='""//ws-fe.amazon-adsystem.com/widgets/q?_encoding=UTF8&ASIN=B09FZJBG6C&Format=_SL160_&ID=AsinImage&MarketPlace=JP&ServiceVersion=20070822&WS=1&tag=gekidankata00-22&language=ja_JP'"" ></a><img src='""https://ir-jp.amazon-adsystem.com/e/ir?t=gekidankata00-22&language=ja_JP&l=li2&o=9&a=B09FZJBG6C'"" width='""1'"" height='""1'"" border='""0'"" alt='""'"" style='""border:none !important; margin:0px !important;'"" />""","<iframe sandbox='allow-popups allow-scripts allow-modals allow-forms allow-same-origin'"" style='""width:120px;height:240px;'"" marginwidth='""0'"" marginheight='""0'"" scrolling='""no'"" frameborder='""0'"" src='""//rcm-fe.amazon-adsystem.com/e/cm?lt1=_blank&bc1=000000&IS2=1&bg1=FFFFFF&fc1=000000&lc1=0000FF&t=gekidankata00-22&language=ja_JP&o=9&p=8&l=as4&m=amazon&f=ifr&ref=as_ss_li_til&asins=B09FZJBG6C&linkId=af7c43958cb2c3d68fa8d80b90074fc8'""></iframe>""",,,,,
32,船上のピクニック,,17,-1,-1,-1,12,150,,,https://amzn.to/44BUwjd,"<a href='https://www.amazon.co.jp/%E8%88%B9%E4%B8%8A%E3%81%AE%E3%83%94%E3%82%AF%E3%83%8B%E3%83%83%E3%82%AF-%E5%B2%A9%E6%9D%BE-%E4%BA%86/dp/4780801214?__mk_ja_JP=%E3%82%AB%E3%82%BF%E3%82%AB%E3%83%8A&crid=38XLLKM2G93ZZ&keywords=%E8%88%B9%E4%B8%8A%E3%81%AE%E3%83%94%E3%82%AF%E3%83%8B%E3%83%83%E3%82%AF&qid=1693727410&s=books&sprefix=%E8%88%B9%E4%B8%8A%E3%81%AE%E3%83%94%E3%82%AF%E3%83%8B%E3%83%83%E3%82%AF%2Cstripbooks%2C178&sr=1-1&linkCode=li2&tag=gekidankata00-22&linkId=6a71576a59b32ef7f85ac4182bebaf37&language=ja_JP&ref_=as_li_ss_il'"" target='""_blank'""><img border='""0'"" src='""//ws-fe.amazon-adsystem.com/widgets/q?_encoding=UTF8&ASIN=4780801214&Format=_SL160_&ID=AsinImage&MarketPlace=JP&ServiceVersion=20070822&WS=1&tag=gekidankata00-22&language=ja_JP'"" ></a><img src='""https://ir-jp.amazon-adsystem.com/e/ir?t=gekidankata00-22&language=ja_JP&l=li2&o=9&a=4780801214'"" width='""1'"" height='""1'"" border='""0'"" alt='""'"" style='""border:none !important; margin:0px !important;'"" />""","<iframe sandbox='allow-popups allow-scripts allow-modals allow-forms allow-same-origin'"" style='""width:120px;height:240px;'"" marginwidth='""0'"" marginheight='""0'"" scrolling='""no'"" frameborder='""0'"" src='""//rcm-fe.amazon-adsystem.com/e/cm?lt1=_blank&bc1=000000&IS2=1&bg1=FFFFFF&fc1=000000&lc1=0000FF&t=gekidankata00-22&language=ja_JP&o=9&p=8&l=as4&m=amazon&f=ifr&ref=as_ss_li_til&asins=4780801214&linkId=8b909295ddfb7ad7a83d8a41f1303183'""></iframe>""",,,,,9784780801217
33,解体されゆくアントニン･レーモンド建築 旧体育館の話,,19,-1,9,-1,9,120,,/bookimg/33.jpg,,,,,,,,
34,あの子はだあれ、だれでしょね,,10,3,7,-1,10,100,,,,,,,,,,
35,赤鬼,,9,3,1,-1,4,80,,/bookimg/35.jpg,https://amzn.to/3RbyT6x,"<a href='https://www.amazon.co.jp/%E9%87%8E%E7%94%B0%E7%A7%80%E6%A8%B9-%E8%B5%A4%E9%AC%BC%E3%81%AE%E6%8C%91%E6%88%A6-%E9%87%8E%E7%94%B0-%E7%A7%80%E6%A8%B9/dp/4791762908?&linkCode=li2&tag=gekidankata00-22&linkId=3db79423237c5051ee47854278e8d03d&language=ja_JP&ref_=as_li_ss_il'"" target='""_blank'""><img border='""0'"" src='""//ws-fe.amazon-adsystem.com/widgets/q?_encoding=UTF8&ASIN=4791762908&Format=_SL160_&ID=AsinImage&MarketPlace=JP&ServiceVersion=20070822&WS=1&tag=gekidankata00-22&language=ja_JP'"" ></a><img src='""https://ir-jp.amazon-adsystem.com/e/ir?t=gekidankata00-22&language=ja_JP&l=li2&o=9&a=4791762908'"" width='""1'"" height='""1'"" border='""0'"" alt='""'"" style='""border:none !important; margin:0px !important;'"" />""","<iframe sandbox='allow-popups allow-scripts allow-modals allow-forms allow-same-origin'"" style='""width:120px;height:240px;'"" marginwidth='""0'"" marginheight='""0'"" scrolling='""no'"" frameborder='""0'"" src='""//rcm-fe.amazon-adsystem.com/e/cm?lt1=_blank&bc1=000000&IS2=1&bg1=FFFFFF&fc1=000000&lc1=0000FF&t=gekidankata00-22&language=ja_JP&o=9&p=8&l=as4&m=amazon&f=ifr&ref=as_ss_li_til&asins=4791762908&linkId=217171c873ad3affb91038ab62fbcc70'""></iframe>""",,,,,9784791762903
36,男子校にはいじめが少ない？,,19,9,1,-1,10,60,高校の男子寮。九人の高校生達。たわいない、しかし熱のこもった戯れと、 留まるところを知らぬ妄想の膨らみと、自分は何者かと自問する、けれど浅はかな思慮と、三年という月日は彼らの上にも過ぎていく、無為に。,/bookimg/36.jpg,,,,http://suiseidou.cool.coocan.jp/onoma.html,,,,
37,百万年ピクニック,,6,2,5,-1,7,60,,,,,,,,,,
38,効率の優先,,18,6,3,-1,9,110,,,,,,,,,,
39,来来来来,,11,-1,6,-1,6,110,,,https://amzn.to/3L3R5en,"<a href='https://www.amazon.co.jp/%E6%9D%A5%E6%9D%A5%E6%9D%A5%E6%9D%A5%E6%9D%A5-%E6%9C%AC%E8%B0%B7-%E6%9C%89%E5%B8%8C%E5%AD%90/dp/4560080801?&linkCode=li2&tag=gekidankata00-22&linkId=0a44cfd257c242aa29231e9c6aa077b5&language=ja_JP&ref_=as_li_ss_il'"" target='""_blank'""><img border='""0'"" src='""//ws-fe.amazon-adsystem.com/widgets/q?_encoding=UTF8&ASIN=4560080801&Format=_SL160_&ID=AsinImage&MarketPlace=JP&ServiceVersion=20070822&WS=1&tag=gekidankata00-22&language=ja_JP'"" ></a><img src='""https://ir-jp.amazon-adsystem.com/e/ir?t=gekidankata00-22&language=ja_JP&l=li2&o=9&a=4560080801'"" width='""1'"" height='""1'"" border='""0'"" alt='""'"" style='""border:none !important; margin:0px !important;'"" />""","<iframe sandbox='allow-popups allow-scripts allow-modals allow-forms allow-same-origin'"" style='""width:120px;height:240px;'"" marginwidth='""0'"" marginheight='""0'"" scrolling='""no'"" frameborder='""0'"" src='""//rcm-fe.amazon-adsystem.com/e/cm?lt1=_blank&bc1=000000&IS2=1&bg1=FFFFFF&fc1=000000&lc1=0000FF&t=gekidankata00-22&language=ja_JP&o=9&p=8&l=as4&m=amazon&f=ifr&ref=as_ss_li_til&asins=4560080801&linkId=5b024a53db52c1bb2dfd3cfef67b2782'""></iframe>""",,,,,9784846004682
40,アテルイ,,32,27,15,-1,-1,150,,/bookimg/40.jpg,https://amzn.to/45RvqxV,"<a href='https://www.amazon.co.jp/%E3%82%A2%E3%83%86%E3%83%AB%E3%82%A4-K-Nakashima-Selection-%E4%B8%AD%E5%B3%B6-%E3%81%8B%E3%81%9A%E3%81%8D/dp/4846004686?__mk_ja_JP=%E3%82%AB%E3%82%BF%E3%82%AB%E3%83%8A&crid=1YMPDPDYIF4I4&keywords=%E3%82%A2%E3%83%86%E3%83%AB%E3%82%A4+%E4%B8%AD%E5%B3%B6&qid=1693727727&s=books&sprefix=%E3%82%A2%E3%83%86%E3%83%AB%E3%82%A4+%E4%B8%AD%E5%B3%B6%2Cstripbooks%2C172&sr=1-2&linkCode=li2&tag=gekidankata00-22&linkId=116f5349b85abcf0bf941a7525f661b3&language=ja_JP&ref_=as_li_ss_il'"" target='""_blank'""><img border='""0'"" src='""//ws-fe.amazon-adsystem.com/widgets/q?_encoding=UTF8&ASIN=4846004686&Format=_SL160_&ID=AsinImage&MarketPlace=JP&ServiceVersion=20070822&WS=1&tag=gekidankata00-22&language=ja_JP'"" ></a><img src='""https://ir-jp.amazon-adsystem.com/e/ir?t=gekidankata00-22&language=ja_JP&l=li2&o=9&a=4846004686'"" width='""1'"" height='""1'"" border='""0'"" alt='""'"" style='""border:none !important; margin:0px !important;'"" />""","<iframe sandbox='allow-popups allow-scripts allow-modals allow-forms allow-same-origin'"" style='""width:120px;height:240px;'"" marginwidth='""0'"" marginheight='""0'"" scrolling='""no'"" frameborder='""0'"" src='""//rcm-fe.amazon-adsystem.com/e/cm?lt1=_blank&bc1=000000&IS2=1&bg1=FFFFFF&fc1=000000&lc1=0000FF&t=gekidankata00-22&language=ja_JP&o=9&p=8&l=as4&m=amazon&f=ifr&ref=as_ss_li_til&asins=4846004686&linkId=f86aadf154976379d12e47bdb43cbd08'""></iframe>""",,,,,
41,約三十の嘘,,13,4,2,-1,6,100,,,https://amzn.to/45SgeRd,"<a href='https://www.amazon.co.jp/%E7%B4%84%E4%B8%89%E5%8D%81%E3%81%AE%E5%98%98-%E4%BA%8C%E5%8D%81%E4%B8%80%E4%B8%96%E7%B4%80%E6%88%AF%E6%9B%B2%E6%96%87%E5%BA%AB-%E5%9C%9F%E7%94%B0%E8%8B%B1%E7%94%9F/dp/4903709175?__mk_ja_JP=%E3%82%AB%E3%82%BF%E3%82%AB%E3%83%8A&crid=TW5HLX9KW6CE&keywords=%E7%B4%84%E4%B8%89%E5%8D%81%E3%81%AE%E5%98%98&qid=1693727751&s=books&sprefix=%E7%B4%84%E4%B8%89%E5%8D%81%E3%81%AE%E5%98%98%2Cstripbooks%2C174&sr=1-1&linkCode=li2&tag=gekidankata00-22&linkId=92430f87b39a24b30a7117fabf4c06a7&language=ja_JP&ref_=as_li_ss_il'"" target='""_blank'""><img border='""0'"" src='""//ws-fe.amazon-adsystem.com/widgets/q?_encoding=UTF8&ASIN=4903709175&Format=_SL160_&ID=AsinImage&MarketPlace=JP&ServiceVersion=20070822&WS=1&tag=gekidankata00-22&language=ja_JP'"" ></a><img src='""https://ir-jp.amazon-adsystem.com/e/ir?t=gekidankata00-22&language=ja_JP&l=li2&o=9&a=4903709175'"" width='""1'"" height='""1'"" border='""0'"" alt='""'"" style='""border:none !important; margin:0px !important;'"" />""","<iframe sandbox='allow-popups allow-scripts allow-modals allow-forms allow-same-origin'"" style='""width:120px;height:240px;'"" marginwidth='""0'"" marginheight='""0'"" scrolling='""no'"" frameborder='""0'"" src='""//rcm-fe.amazon-adsystem.com/e/cm?lt1=_blank&bc1=000000&IS2=1&bg1=FFFFFF&fc1=000000&lc1=0000FF&t=gekidankata00-22&language=ja_JP&o=9&p=8&l=as4&m=amazon&f=ifr&ref=as_ss_li_til&asins=4903709175&linkId=ae8208374e14d7a53e77a52ad4bff314'""></iframe>""",,,,,9784903709178
42,天邪鬼,,23,4,2,-1,6,90,,,,,,,,,,
43,ヒネミ,,24,-1,-1,-1,12,110,,,https://amzn.to/3Lc8Bgn,"<a href='https://www.amazon.co.jp/%E3%83%92%E3%83%8D%E3%83%9F-%E5%AE%AE%E6%B2%A2-%E7%AB%A0%E5%A4%AB/dp/4560035180?__mk_ja_JP=%E3%82%AB%E3%82%BF%E3%82%AB%E3%83%8A&crid=27AGDOXROSN59&keywords=%E3%83%92%E3%83%8D%E3%83%9F&qid=1693927682&s=books&sprefix=%E3%83%92%E3%83%8D%E3%83%9F%2Cstripbooks%2C193&sr=1-2&linkCode=li2&tag=gekidankata00-22&linkId=862c1b4315767662502cb9104c4c9b2d&language=ja_JP&ref_=as_li_ss_il'"" target='""_blank'""><img border='""0'"" src='""//ws-fe.amazon-adsystem.com/widgets/q?_encoding=UTF8&ASIN=4560035180&Format=_SL160_&ID=AsinImage&MarketPlace=JP&ServiceVersion=20070822&WS=1&tag=gekidankata00-22&language=ja_JP'"" ></a><img src='""https://ir-jp.amazon-adsystem.com/e/ir?t=gekidankata00-22&language=ja_JP&l=li2&o=9&a=4560035180'"" width='""1'"" height='""1'"" border='""0'"" alt='""'"" style='""border:none !important; margin:0px !important;'"" />""","<iframe sandbox='allow-popups allow-scripts allow-modals allow-forms allow-same-origin'"" style='""width:120px;height:240px;'"" marginwidth='""0'"" marginheight='""0'"" scrolling='""no'"" frameborder='""0'"" src='""//rcm-fe.amazon-adsystem.com/e/cm?lt1=_blank&bc1=000000&IS2=1&bg1=FFFFFF&fc1=000000&lc1=0000FF&t=gekidankata00-22&language=ja_JP&o=9&p=8&l=as4&m=amazon&f=ifr&ref=as_ss_li_til&asins=4560035180&linkId=162dab14b84a0aca4cf5e4f89afedccd'""></iframe>""",,,,,
44,ファンキー! 宇宙は見える所までしかない,,29,-1,-1,-1,-1,150,,,https://amzn.to/3L73lL9,"<a href='https://www.amazon.co.jp/%E3%83%95%E3%82%A1%E3%83%B3%E3%82%AD%E3%83%BC-%E2%80%95%E5%AE%87%E5%AE%99%E3%81%AF%E8%A6%8B%E3%81%88%E3%82%8B%E6%89%80%E3%81%BE%E3%81%A7%E3%81%97%E3%81%8B%E3%81%AA%E3%81%84-%E6%9D%BE%E5%B0%BE-%E3%82%B9%E3%82%BA%E3%82%AD/dp/4560035202?__mk_ja_JP=%E3%82%AB%E3%82%BF%E3%82%AB%E3%83%8A&crid=2LU0KDBPX148D&keywords=%E3%83%95%E3%82%A1%E3%83%B3%E3%82%AD%E3%83%BC%21+%E5%AE%87%E5%AE%99%E3%81%AF%E8%A6%8B%E3%81%88%E3%82%8B%E6%89%80%E3%81%BE%E3%81%A7%E3%81%97%E3%81%8B%E3%81%AA%E3%81%84&qid=1693727821&s=books&sprefix=%E3%83%95%E3%82%A1%E3%83%B3%E3%82%AD%E3%83%BC+%E5%AE%87%E5%AE%99%E3%81%AF%E8%A6%8B%E3%81%88%E3%82%8B%E6%89%80%E3%81%BE%E3%81%A7%E3%81%97%E3%81%8B%E3%81%AA%E3%81%84%2Cstripbooks%2C242&sr=1-1&linkCode=li2&tag=gekidankata00-22&linkId=4d0afb12c8cef8400e477ee3b33b708e&language=ja_JP&ref_=as_li_ss_il'"" target='""_blank'""><img border='""0'"" src='""//ws-fe.amazon-adsystem.com/widgets/q?_encoding=UTF8&ASIN=4560035202&Format=_SL160_&ID=AsinImage&MarketPlace=JP&ServiceVersion=20070822&WS=1&tag=gekidankata00-22&language=ja_JP'"" ></a><img src='""https://ir-jp.amazon-adsystem.com/e/ir?t=gekidankata00-22&language=ja_JP&l=li2&o=9&a=4560035202'"" width='""1'"" height='""1'"" border='""0'"" alt='""'"" style='""border:none !important; margin:0px !important;'"" />""","<iframe sandbox='allow-popups allow-scripts allow-modals allow-forms allow-same-origin'"" style='""width:120px;height:240px;'"" marginwidth='""0'"" marginheight='""0'"" scrolling='""no'"" frameborder='""0'"" src='""//rcm-fe.amazon-adsystem.com/e/cm?lt1=_blank&bc1=000000&IS2=1&bg1=FFFFFF&fc1=000000&lc1=0000FF&t=gekidankata00-22&language=ja_JP&o=9&p=8&l=as4&m=amazon&f=ifr&ref=as_ss_li_til&asins=4560035202&linkId=690f5c2728ff6015765cab8954450295'""></iframe>""",,,,,9784560035207
45,ザ・寺山,,25,-1,-1,-1,-1,150,,,https://amzn.to/3Z0K0AU,"<a href='https://www.amazon.co.jp/%E3%82%B6%E3%83%BB%E5%AF%BA%E5%B1%B1-%E9%84%AD-%E7%BE%A9%E4%BF%A1/dp/4560033749?__mk_ja_JP=%E3%82%AB%E3%82%BF%E3%82%AB%E3%83%8A&crid=J7Y2LNEU6W7&keywords=%E3%82%B6%E3%83%BB%E5%AF%BA%E5%B1%B1&qid=1693727855&s=books&sprefix=%E3%82%B6+%E5%AF%BA%E5%B1%B1%2Cstripbooks%2C175&sr=1-1&linkCode=li2&tag=gekidankata00-22&linkId=27d38eadc0ee0198a1dede00f5adc155&language=ja_JP&ref_=as_li_ss_il'"" target='""_blank'""><img border='""0'"" src='""//ws-fe.amazon-adsystem.com/widgets/q?_encoding=UTF8&ASIN=4560033749&Format=_SL160_&ID=AsinImage&MarketPlace=JP&ServiceVersion=20070822&WS=1&tag=gekidankata00-22&language=ja_JP'"" ></a><img src='""https://ir-jp.amazon-adsystem.com/e/ir?t=gekidankata00-22&language=ja_JP&l=li2&o=9&a=4560033749'"" width='""1'"" height='""1'"" border='""0'"" alt='""'"" style='""border:none !important; margin:0px !important;'"" />""","<iframe sandbox='allow-popups allow-scripts allow-modals allow-forms allow-same-origin'"" style='""width:120px;height:240px;'"" marginwidth='""0'"" marginheight='""0'"" scrolling='""no'"" frameborder='""0'"" src='""//rcm-fe.amazon-adsystem.com/e/cm?lt1=_blank&bc1=000000&IS2=1&bg1=FFFFFF&fc1=000000&lc1=0000FF&t=gekidankata00-22&language=ja_JP&o=9&p=8&l=as4&m=amazon&f=ifr&ref=as_ss_li_til&asins=4560033749&linkId=dfeebf642a0b41686bdd0fe27af11f36'""></iframe>""",,,,,9784560033746
46,スナフキンの手紙,,22,4,3,-1,7,120,,,https://amzn.to/47WblbE,"<a href='https://www.amazon.co.jp/%E3%82%B9%E3%83%8A%E3%83%95%E3%82%AD%E3%83%B3%E3%81%AE%E6%89%8B%E7%B4%99-%E9%B4%BB%E4%B8%8A-%E5%B0%9A%E5%8F%B2/dp/4560033781?__mk_ja_JP=%E3%82%AB%E3%82%BF%E3%82%AB%E3%83%8A&crid=2SFB0QR6WJ3KJ&keywords=%E3%82%B9%E3%83%8A%E3%83%95%E3%82%AD%E3%83%B3%E3%81%AE%E6%89%8B%E7%B4%99&qid=1693727872&s=books&sprefix=%E3%82%B9%E3%83%8A%E3%83%95%E3%82%AD%E3%83%B3%E3%81%AE%E6%89%8B%E7%B4%99%2Cstripbooks%2C177&sr=1-1&linkCode=li2&tag=gekidankata00-22&linkId=b442f994fa31c9c2d9895627af20c934&language=ja_JP&ref_=as_li_ss_il'"" target='""_blank'""><img border='""0'"" src='""//ws-fe.amazon-adsystem.com/widgets/q?_encoding=UTF8&ASIN=4560033781&Format=_SL160_&ID=AsinImage&MarketPlace=JP&ServiceVersion=20070822&WS=1&tag=gekidankata00-22&language=ja_JP'"" ></a><img src='""https://ir-jp.amazon-adsystem.com/e/ir?t=gekidankata00-22&language=ja_JP&l=li2&o=9&a=4560033781'"" width='""1'"" height='""1'"" border='""0'"" alt='""'"" style='""border:none !important; margin:0px !important;'"" />""","<iframe sandbox='allow-popups allow-scripts allow-modals allow-forms allow-same-origin'"" style='""width:120px;height:240px;'"" marginwidth='""0'"" marginheight='""0'"" scrolling='""no'"" frameborder='""0'"" src='""//rcm-fe.amazon-adsystem.com/e/cm?lt1=_blank&bc1=000000&IS2=1&bg1=FFFFFF&fc1=000000&lc1=0000FF&t=gekidankata00-22&language=ja_JP&o=9&p=8&l=as4&m=amazon&f=ifr&ref=as_ss_li_til&asins=4560033781&linkId=b1f8f5ef590370b22698eb10c05b7050'""></iframe>""",,,,,9784560033784
47,オケピ!,,31,9,4,-1,-1,150,,,https://amzn.to/3R74eaj,"<a href='https://www.amazon.co.jp/%E3%82%AA%E3%82%B1%E3%83%94-%E4%B8%89%E8%B0%B7-%E5%B9%B8%E5%96%9C/dp/4560035342?__mk_ja_JP=%E3%82%AB%E3%82%BF%E3%82%AB%E3%83%8A&crid=FAD5AMNCHEHG&keywords=%E3%82%AA%E3%82%B1%E3%83%94%21&qid=1693727892&s=books&sprefix=%E3%82%AA%E3%82%B1%E3%83%94+%2Cstripbooks%2C174&sr=1-2&linkCode=li2&tag=gekidankata00-22&linkId=f78d93221090d33f45e374fcd677076e&language=ja_JP&ref_=as_li_ss_il'"" target='""_blank'""><img border='""0'"" src='""//ws-fe.amazon-adsystem.com/widgets/q?_encoding=UTF8&ASIN=4560035342&Format=_SL160_&ID=AsinImage&MarketPlace=JP&ServiceVersion=20070822&WS=1&tag=gekidankata00-22&language=ja_JP'"" ></a><img src='""https://ir-jp.amazon-adsystem.com/e/ir?t=gekidankata00-22&language=ja_JP&l=li2&o=9&a=4560035342'"" width='""1'"" height='""1'"" border='""0'"" alt='""'"" style='""border:none !important; margin:0px !important;'"" />""","<iframe sandbox='allow-popups allow-scripts allow-modals allow-forms allow-same-origin'"" style='""width:120px;height:240px;'"" marginwidth='""0'"" marginheight='""0'"" scrolling='""no'"" frameborder='""0'"" src='""//rcm-fe.amazon-adsystem.com/e/cm?lt1=_blank&bc1=000000&IS2=1&bg1=FFFFFF&fc1=000000&lc1=0000FF&t=gekidankata00-22&language=ja_JP&o=9&p=8&l=as4&m=amazon&f=ifr&ref=as_ss_li_til&asins=4560035342&linkId=a30b67790218d0dbf0fa06aa5ffb8d2e'""></iframe>""",,,,,9784560035344
48,グローブ・ジャングル,,22,5,4,-1,9,110,,,https://amzn.to/3R6tY6S,"<a href='https://www.amazon.co.jp/%E3%82%B0%E3%83%AD%E3%83%BC%E3%83%96%E3%83%BB%E3%82%B8%E3%83%A3%E3%83%B3%E3%82%B0%E3%83%AB-%E9%B4%BB%E4%B8%8A-%E5%B0%9A%E5%8F%B2/dp/4093878609?__mk_ja_JP=%E3%82%AB%E3%82%BF%E3%82%AB%E3%83%8A&crid=1WO3HZFKWIWF6&keywords=%E3%82%B0%E3%83%AD%E3%83%BC%E3%83%96%E3%83%BB%E3%82%B8%E3%83%A3%E3%83%B3%E3%82%B0%E3%83%AB&qid=1693727937&s=books&sprefix=%E3%82%B0%E3%83%AD%E3%83%BC%E3%83%96+%E3%82%B8%E3%83%A3%E3%83%B3%E3%82%B0%E3%83%AB%2Cstripbooks%2C229&sr=1-1&linkCode=li2&tag=gekidankata00-22&linkId=66c1268b1d8ecc2a906eb03fb5456afc&language=ja_JP&ref_=as_li_ss_il'"" target='""_blank'""><img border='""0'"" src='""//ws-fe.amazon-adsystem.com/widgets/q?_encoding=UTF8&ASIN=4093878609&Format=_SL160_&ID=AsinImage&MarketPlace=JP&ServiceVersion=20070822&WS=1&tag=gekidankata00-22&language=ja_JP'"" ></a><img src='""https://ir-jp.amazon-adsystem.com/e/ir?t=gekidankata00-22&language=ja_JP&l=li2&o=9&a=4093878609'"" width='""1'"" height='""1'"" border='""0'"" alt='""'"" style='""border:none !important; margin:0px !important;'"" />""","<iframe sandbox='allow-popups allow-scripts allow-modals allow-forms allow-same-origin'"" style='""width:120px;height:240px;'"" marginwidth='""0'"" marginheight='""0'"" scrolling='""no'"" frameborder='""0'"" src='""//rcm-fe.amazon-adsystem.com/e/cm?lt1=_blank&bc1=000000&IS2=1&bg1=FFFFFF&fc1=000000&lc1=0000FF&t=gekidankata00-22&language=ja_JP&o=9&p=8&l=as4&m=amazon&f=ifr&ref=as_ss_li_til&asins=4093878609&linkId=2f693395ca0b552b15934ec6a4d0ae84'""></iframe>""",,,,,9784093878609
49,海と日傘,,27,4,4,-1,8,110,,,https://amzn.to/44CkIud,"<a href='https://www.amazon.co.jp/%E6%B5%B7%E3%81%A8%E6%97%A5%E5%82%98-%E6%9D%BE%E7%94%B0-%E6%AD%A3%E9%9A%86/dp/4560033838?__mk_ja_JP=%E3%82%AB%E3%82%BF%E3%82%AB%E3%83%8A&crid=1M1ZD6JGF5YGV&keywords=%E6%B5%B7%E3%81%A8%E6%97%A5%E5%82%98&qid=1693727955&s=books&sprefix=%E6%B5%B7%E3%81%A8%E6%97%A5%E5%82%98%2Cstripbooks%2C191&sr=1-1&linkCode=li2&tag=gekidankata00-22&linkId=ee6d65bd85d6a676d316eddf77cf3d1d&language=ja_JP&ref_=as_li_ss_il'"" target='""_blank'""><img border='""0'"" src='""//ws-fe.amazon-adsystem.com/widgets/q?_encoding=UTF8&ASIN=4560033838&Format=_SL160_&ID=AsinImage&MarketPlace=JP&ServiceVersion=20070822&WS=1&tag=gekidankata00-22&language=ja_JP'"" ></a><img src='""https://ir-jp.amazon-adsystem.com/e/ir?t=gekidankata00-22&language=ja_JP&l=li2&o=9&a=4560033838'"" width='""1'"" height='""1'"" border='""0'"" alt='""'"" style='""border:none !important; margin:0px !important;'"" />""","<iframe sandbox='allow-popups allow-scripts allow-modals allow-forms allow-same-origin'"" style='""width:120px;height:240px;'"" marginwidth='""0'"" marginheight='""0'"" scrolling='""no'"" frameborder='""0'"" src='""//rcm-fe.amazon-adsystem.com/e/cm?lt1=_blank&bc1=000000&IS2=1&bg1=FFFFFF&fc1=000000&lc1=0000FF&t=gekidankata00-22&language=ja_JP&o=9&p=8&l=as4&m=amazon&f=ifr&ref=as_ss_li_til&asins=4560033838&linkId=0d48792e8dd9809afe88bba11d1b5b8e'""></iframe>""",,,,,9784560033838
50,兄帰る,,20,4,4,-1,8,150,,,https://amzn.to/44vZEp6,"<a href='https://www.amazon.co.jp/%E5%85%84%E5%B8%B0%E3%82%8B-%E6%B0%B8%E4%BA%95-%E6%84%9B/dp/4880592676?__mk_ja_JP=%E3%82%AB%E3%82%BF%E3%82%AB%E3%83%8A&crid=48PMD12UOKDM&keywords=%E5%85%84%E5%B8%B0%E3%82%8B&qid=1693727987&s=books&sprefix=%E5%85%84%E5%B8%B0%E3%82%8B%2Cstripbooks%2C196&sr=1-2&linkCode=li2&tag=gekidankata00-22&linkId=cff40f50b5be2ae8256fc76eaca9d29d&language=ja_JP&ref_=as_li_ss_il'"" target='""_blank'""><img border='""0'"" src='""//ws-fe.amazon-adsystem.com/widgets/q?_encoding=UTF8&ASIN=4880592676&Format=_SL160_&ID=AsinImage&MarketPlace=JP&ServiceVersion=20070822&WS=1&tag=gekidankata00-22&language=ja_JP'"" ></a><img src='""https://ir-jp.amazon-adsystem.com/e/ir?t=gekidankata00-22&language=ja_JP&l=li2&o=9&a=4880592676'"" width='""1'"" height='""1'"" border='""0'"" alt='""'"" style='""border:none !important; margin:0px !important;'"" />""","<iframe sandbox='allow-popups allow-scripts allow-modals allow-forms allow-same-origin'"" style='""width:120px;height:240px;'"" marginwidth='""0'"" marginheight='""0'"" scrolling='""no'"" frameborder='""0'"" src='""//rcm-fe.amazon-adsystem.com/e/cm?lt1=_blank&bc1=000000&IS2=1&bg1=FFFFFF&fc1=000000&lc1=0000FF&t=gekidankata00-22&language=ja_JP&o=9&p=8&l=as4&m=amazon&f=ifr&ref=as_ss_li_til&asins=4880592676&linkId=cd2d939cd68bfd18c9f2e3f9b7601684'""></iframe>""",,,,,9784880592671
51,ワンマン・ショー,,33,4,4,-1,8,110,,,https://amzn.to/45SYa9n,"<a href='https://www.amazon.co.jp/%E3%83%AF%E3%83%B3%E3%83%9E%E3%83%B3%E3%83%BB%E3%82%B7%E3%83%A7%E3%83%BC-%E5%80%89%E6%8C%81-%E8%A3%95/dp/4560035830?__mk_ja_JP=%E3%82%AB%E3%82%BF%E3%82%AB%E3%83%8A&crid=1YHQ0WA7LAAI6&keywords=%E3%83%AF%E3%83%B3%E3%83%9E%E3%83%B3%E3%83%BB%E3%82%B7%E3%83%A7%E3%83%BC&qid=1693728010&s=books&sprefix=%E5%85%84%E3%83%AF%E3%83%B3%E3%83%9E%E3%83%B3+%E3%82%B7%E3%83%A7%E3%83%BC%2Cstripbooks%2C197&sr=1-1&linkCode=li2&tag=gekidankata00-22&linkId=d16b000095abcf9a1e44eb531c398434&language=ja_JP&ref_=as_li_ss_il'"" target='""_blank'""><img border='""0'"" src='""//ws-fe.amazon-adsystem.com/widgets/q?_encoding=UTF8&ASIN=4560035830&Format=_SL160_&ID=AsinImage&MarketPlace=JP&ServiceVersion=20070822&WS=1&tag=gekidankata00-22&language=ja_JP'"" ></a><img src='""https://ir-jp.amazon-adsystem.com/e/ir?t=gekidankata00-22&language=ja_JP&l=li2&o=9&a=4560035830'"" width='""1'"" height='""1'"" border='""0'"" alt='""'"" style='""border:none !important; margin:0px !important;'"" />""","<iframe sandbox='allow-popups allow-scripts allow-modals allow-forms allow-same-origin'"" style='""width:120px;height:240px;'"" marginwidth='""0'"" marginheight='""0'"" scrolling='""no'"" frameborder='""0'"" src='""//rcm-fe.amazon-adsystem.com/e/cm?lt1=_blank&bc1=000000&IS2=1&bg1=FFFFFF&fc1=000000&lc1=0000FF&t=gekidankata00-22&language=ja_JP&o=9&p=8&l=as4&m=amazon&f=ifr&ref=as_ss_li_til&asins=4560035830&linkId=9945841031dae65f0336355965be11a8'""></iframe>""",,,,,9784560035832
52,鈍獣,,35,3,3,-1,6,150,,,https://amzn.to/44AHe6G,"<a href='https://www.amazon.co.jp/%E9%88%8D%E7%8D%A3-%E5%AE%AE%E8%97%A4-%E5%AE%98%E4%B9%9D%E9%83%8E/dp/4891947071?__mk_ja_JP=%E3%82%AB%E3%82%BF%E3%82%AB%E3%83%8A&crid=O00NVHSNC1DZ&keywords=%E9%88%8D%E7%8D%A3&qid=1693728034&s=books&sprefix=%E9%88%8D%E7%8D%A3%2Cstripbooks%2C199&sr=1-1&linkCode=li2&tag=gekidankata00-22&linkId=350e0e1c626b99ca877067a8a8fddfe2&language=ja_JP&ref_=as_li_ss_il'"" target='""_blank'""><img border='""0'"" src='""//ws-fe.amazon-adsystem.com/widgets/q?_encoding=UTF8&ASIN=4891947071&Format=_SL160_&ID=AsinImage&MarketPlace=JP&ServiceVersion=20070822&WS=1&tag=gekidankata00-22&language=ja_JP'"" ></a><img src='""https://ir-jp.amazon-adsystem.com/e/ir?t=gekidankata00-22&language=ja_JP&l=li2&o=9&a=4891947071'"" width='""1'"" height='""1'"" border='""0'"" alt='""'"" style='""border:none !important; margin:0px !important;'"" />""","<iframe sandbox='allow-popups allow-scripts allow-modals allow-forms allow-same-origin'"" style='""width:120px;height:240px;'"" marginwidth='""0'"" marginheight='""0'"" scrolling='""no'"" frameborder='""0'"" src='""//rcm-fe.amazon-adsystem.com/e/cm?lt1=_blank&bc1=000000&IS2=1&bg1=FFFFFF&fc1=000000&lc1=0000FF&t=gekidankata00-22&language=ja_JP&o=9&p=8&l=as4&m=amazon&f=ifr&ref=as_ss_li_til&asins=4891947071&linkId=8764bb00777cd600b478f6157a425c2c'""></iframe>""",,,,,9784891947071
53,無差別,,23,4,3,-1,7,80,,,,,,https://playtextdigitalarchive.com/author/detail/18,,,,
54,わが星,,8,4,4,-1,8,90,,,,,,https://mamagoto.org/project/,,,,
55,フローズン・ビーチ,,3,-1,4,-1,4,130,,,https://amzn.to/3sF2ye5,"<a href='https://www.amazon.co.jp/%E3%83%95%E3%83%AD%E3%83%BC%E3%82%BA%E3%83%B3%E3%83%BB%E3%83%93%E3%83%BC%E3%83%81-%E3%82%B1%E3%83%A9%E3%83%AA%E3%83%BC%E3%83%8E%E3%83%BB%E3%82%B5%E3%83%B3%E3%83%89%E3%83%AD%E3%83%B4%E3%82%A3%E3%83%83%E3%83%81/dp/4560035253?&linkCode=li2&tag=gekidankata00-22&linkId=d3894536bafab6b1726b08d8d0e96337&language=ja_JP&ref_=as_li_ss_il'"" target='""_blank'""><img border='""0'"" src='""//ws-fe.amazon-adsystem.com/widgets/q?_encoding=UTF8&ASIN=4560035253&Format=_SL160_&ID=AsinImage&MarketPlace=JP&ServiceVersion=20070822&WS=1&tag=gekidankata00-22&language=ja_JP'"" ></a><img src='""https://ir-jp.amazon-adsystem.com/e/ir?t=gekidankata00-22&language=ja_JP&l=li2&o=9&a=4560035253'"" width='""1'"" height='""1'"" border='""0'"" alt='""'"" style='""border:none !important; margin:0px !important;'"" />""","<iframe sandbox='allow-popups allow-scripts allow-modals allow-forms allow-same-origin'"" style='""width:120px;height:240px;'"" marginwidth='""0'"" marginheight='""0'"" scrolling='""no'"" frameborder='""0'"" src='""//rcm-fe.amazon-adsystem.com/e/cm?lt1=_blank&bc1=000000&IS2=1&bg1=FFFFFF&fc1=000000&lc1=0000FF&t=gekidankata00-22&language=ja_JP&o=9&p=8&l=as4&m=amazon&f=ifr&ref=as_ss_li_til&asins=4560035253&linkId=0bcfc0f335d3d5b95f14518cc541cd40'""></iframe>""",,,,,9784560035252
56,かえりの合図、まってた食卓、そこ、きっと、しおふる世界。,,42,-1,-1,-1,-1,-1,,,https://amzn.to/462C30x,"<a href='https://www.amazon.co.jp/%E3%81%8B%E3%81%88%E3%82%8A%E3%81%AE%E5%90%88%E5%9B%B3%E3%80%81%E3%81%BE%E3%81%A3%E3%81%A6%E3%81%9F%E9%A3%9F%E5%8D%93%E3%80%81%E3%81%9D%E3%81%93%E3%80%81%E3%81%8D%E3%81%A3%E3%81%A8%E3%80%81%E3%81%97%E3%81%8A%E3%81%B5%E3%82%8B%E4%B8%96%E7%95%8C%E3%80%82-%E8%97%A4%E7%94%B0-%E8%B2%B4%E5%A4%A7/dp/4560082219?__mk_ja_JP=%E3%82%AB%E3%82%BF%E3%82%AB%E3%83%8A&crid=3PN8XC96TDSXF&keywords=%E3%81%8B%E3%81%88%E3%82%8A%E3%81%AE%E5%90%88%E5%9B%B3%E3%80%81%E3%81%BE%E3%81%A3%E3%81%A6%E3%81%9F%E9%A3%9F%E5%8D%93%E3%80%81%E3%81%9D%E3%81%93%E3%80%81%E3%81%8D%E3%81%A3%E3%81%A8%E3%80%81%E3%81%97%E3%81%8A%E3%81%B5%E3%82%8B%E4%B8%96%E7%95%8C%E3%80%82&qid=1693728312&s=books&sprefix=%E3%81%8B%E3%81%88%E3%82%8A%E3%81%AE%E5%90%88%E5%9B%B3+%E3%81%BE%E3%81%A3%E3%81%A6%E3%81%9F%E9%A3%9F%E5%8D%93+%E3%81%9D%E3%81%93+%E3%81%8D%E3%81%A3%E3%81%A8+%E3%81%97%E3%81%8A%E3%81%B5%E3%82%8B%E4%B8%96%E7%95%8C+%2Cstripbooks%2C199&sr=1-1&linkCode=li2&tag=gekidankata00-22&linkId=3c494e838ffc091fbcb942e2f871a8b4&language=ja_JP&ref_=as_li_ss_il'"" target='""_blank'""><img border='""0'"" src='""//ws-fe.amazon-adsystem.com/widgets/q?_encoding=UTF8&ASIN=4560082219&Format=_SL160_&ID=AsinImage&MarketPlace=JP&ServiceVersion=20070822&WS=1&tag=gekidankata00-22&language=ja_JP'"" ></a><img src='""https://ir-jp.amazon-adsystem.com/e/ir?t=gekidankata00-22&language=ja_JP&l=li2&o=9&a=4560082219'"" width='""1'"" height='""1'"" border='""0'"" alt='""'"" style='""border:none !important; margin:0px !important;'"" />""","<iframe sandbox='allow-popups allow-scripts allow-modals allow-forms allow-same-origin'"" style='""width:120px;height:240px;'"" marginwidth='""0'"" marginheight='""0'"" scrolling='""no'"" frameborder='""0'"" src='""//rcm-fe.amazon-adsystem.com/e/cm?lt1=_blank&bc1=000000&IS2=1&bg1=FFFFFF&fc1=000000&lc1=0000FF&t=gekidankata00-22&language=ja_JP&o=9&p=8&l=as4&m=amazon&f=ifr&ref=as_ss_li_til&asins=4560082219&linkId=653e279facd6cd48d0635b351ecacab7'""></iframe>""",,,,,9784560082218
57,愛の渦,,36,7,5,-1,-1,120,,,https://amzn.to/3EpNnIm,"<a href='https://www.amazon.co.jp/%E6%84%9B%E3%81%AE%E6%B8%A6-%E4%B8%89%E6%B5%A6-%E5%A4%A7%E8%BC%94/dp/4560026920?__mk_ja_JP=%E3%82%AB%E3%82%BF%E3%82%AB%E3%83%8A&crid=39U3NBNO1VZAU&keywords=%E6%84%9B%E3%81%AE%E6%B8%A6&qid=1693728337&s=books&sprefix=%E6%84%9B%E3%81%AE%E6%B8%A6%2Cstripbooks%2C186&sr=1-1&linkCode=li2&tag=gekidankata00-22&linkId=47c6b989cbc12abbd042be042c3b5d52&language=ja_JP&ref_=as_li_ss_il'"" target='""_blank'""><img border='""0'"" src='""//ws-fe.amazon-adsystem.com/widgets/q?_encoding=UTF8&ASIN=4560026920&Format=_SL160_&ID=AsinImage&MarketPlace=JP&ServiceVersion=20070822&WS=1&tag=gekidankata00-22&language=ja_JP'"" ></a><img src='""https://ir-jp.amazon-adsystem.com/e/ir?t=gekidankata00-22&language=ja_JP&l=li2&o=9&a=4560026920'"" width='""1'"" height='""1'"" border='""0'"" alt='""'"" style='""border:none !important; margin:0px !important;'"" />""","<iframe sandbox='allow-popups allow-scripts allow-modals allow-forms allow-same-origin'"" style='""width:120px;height:240px;'"" marginwidth='""0'"" marginheight='""0'"" scrolling='""no'"" frameborder='""0'"" src='""//rcm-fe.amazon-adsystem.com/e/cm?lt1=_blank&bc1=000000&IS2=1&bg1=FFFFFF&fc1=000000&lc1=0000FF&t=gekidankata00-22&language=ja_JP&o=9&p=8&l=as4&m=amazon&f=ifr&ref=as_ss_li_til&asins=4560026920&linkId=939cd6539d5b0943c436cf84c4e3b9d5'""></iframe>""",,,,,9784560026922
58,自慢の息子,,40,3,3,-1,6,100,,,https://amzn.to/3PoBuZt,"<a href='https://www.amazon.co.jp/%E8%87%AA%E6%85%A2%E3%81%AE%E6%81%AF%E5%AD%90-%E6%9D%BE%E4%BA%95-%E5%91%A8/dp/4560081336?__mk_ja_JP=%E3%82%AB%E3%82%BF%E3%82%AB%E3%83%8A&crid=2MD3MN7KDZFHF&keywords=%E8%87%AA%E6%85%A2%E3%81%AE%E6%81%AF%E5%AD%90&qid=1693728358&s=books&sprefix=%E8%87%AA%E6%85%A2%E3%81%AE%E6%81%AF%E5%AD%90%2Cstripbooks%2C183&sr=1-1&linkCode=li2&tag=gekidankata00-22&linkId=a1b6ff375c4e4ffa23687e2b53bd23af&language=ja_JP&ref_=as_li_ss_il'"" target='""_blank'""><img border='""0'"" src='""//ws-fe.amazon-adsystem.com/widgets/q?_encoding=UTF8&ASIN=4560081336&Format=_SL160_&ID=AsinImage&MarketPlace=JP&ServiceVersion=20070822&WS=1&tag=gekidankata00-22&language=ja_JP'"" ></a><img src='""https://ir-jp.amazon-adsystem.com/e/ir?t=gekidankata00-22&language=ja_JP&l=li2&o=9&a=4560081336'"" width='""1'"" height='""1'"" border='""0'"" alt='""'"" style='""border:none !important; margin:0px !important;'"" />""","<iframe sandbox='allow-popups allow-scripts allow-modals allow-forms allow-same-origin'"" style='""width:120px;height:240px;'"" marginwidth='""0'"" marginheight='""0'"" scrolling='""no'"" frameborder='""0'"" src='""//rcm-fe.amazon-adsystem.com/e/cm?lt1=_blank&bc1=000000&IS2=1&bg1=FFFFFF&fc1=000000&lc1=0000FF&t=gekidankata00-22&language=ja_JP&o=9&p=8&l=as4&m=amazon&f=ifr&ref=as_ss_li_til&asins=4560081336&linkId=08e7544ed242e5801d4b99ff4531c8e8'""></iframe>""",,,,,9784560081334
59,生きてるものはいないのか,,38,10,8,-1,-1,110,,,https://amzn.to/3L90AZB,"<a href='https://www.amazon.co.jp/%E7%94%9F%E3%81%8D%E3%81%A6%E3%82%8B%E3%82%82%E3%81%AE%E3%81%AF%E3%81%84%E3%81%AA%E3%81%84%E3%81%AE%E3%81%8B-%E5%89%8D%E7%94%B0-%E5%8F%B8%E9%83%8E/dp/4560094012?&linkCode=li2&tag=gekidankata00-22&linkId=c9adcf30ca3db0dbc9c1f426ae07c559&language=ja_JP&ref_=as_li_ss_il'"" target='""_blank'""><img border='""0'"" src='""//ws-fe.amazon-adsystem.com/widgets/q?_encoding=UTF8&ASIN=4560094012&Format=_SL160_&ID=AsinImage&MarketPlace=JP&ServiceVersion=20070822&WS=1&tag=gekidankata00-22&language=ja_JP'"" ></a><img src='""https://ir-jp.amazon-adsystem.com/e/ir?t=gekidankata00-22&language=ja_JP&l=li2&o=9&a=4560094012'"" width='""1'"" height='""1'"" border='""0'"" alt='""'"" style='""border:none !important; margin:0px !important;'"" />""","<iframe sandbox='allow-popups allow-scripts allow-modals allow-forms allow-same-origin'"" style='""width:120px;height:240px;'"" marginwidth='""0'"" marginheight='""0'"" scrolling='""no'"" frameborder='""0'"" src='""//rcm-fe.amazon-adsystem.com/e/cm?lt1=_blank&bc1=000000&IS2=1&bg1=FFFFFF&fc1=000000&lc1=0000FF&t=gekidankata00-22&language=ja_JP&o=9&p=8&l=as4&m=amazon&f=ifr&ref=as_ss_li_til&asins=4560094012&linkId=b002eae46b87fdcfe49ac9f99aa4ffe8'""></iframe>""",,,,,9784560094013
60,髪をかきあげる,,30,4,3,-1,7,120,,,https://amzn.to/45DSgcu,"<a href='https://www.amazon.co.jp/%E9%AB%AA%E3%82%92%E3%81%8B%E3%81%8D%E3%81%82%E3%81%92%E3%82%8B-%E9%88%B4%E6%B1%9F-%E4%BF%8A%E9%83%8E/dp/456003382X?__mk_ja_JP=%E3%82%AB%E3%82%BF%E3%82%AB%E3%83%8A&crid=88CTDA6XFMB9&keywords=%E9%AB%AA%E3%82%92%E3%81%8B%E3%81%8D%E3%81%82%E3%81%92%E3%82%8B+%E9%88%B4%E6%B1%9F&qid=1693927968&s=books&sprefix=%E9%AB%AA%E3%82%92%E3%81%8B%E3%81%8D%E3%81%82%E3%81%92%E3%82%8B+%E9%88%B4%E6%B1%9F%2Cstripbooks%2C163&sr=1-1&linkCode=li2&tag=gekidankata00-22&linkId=43a120c9ceb11de8f56796029a09ba65&language=ja_JP&ref_=as_li_ss_il'"" target='""_blank'""><img border='""0'"" src='""//ws-fe.amazon-adsystem.com/widgets/q?_encoding=UTF8&ASIN=456003382X&Format=_SL160_&ID=AsinImage&MarketPlace=JP&ServiceVersion=20070822&WS=1&tag=gekidankata00-22&language=ja_JP'"" ></a><img src='""https://ir-jp.amazon-adsystem.com/e/ir?t=gekidankata00-22&language=ja_JP&l=li2&o=9&a=456003382X'"" width='""1'"" height='""1'"" border='""0'"" alt='""'"" style='""border:none !important; margin:0px !important;'"" />""","<iframe sandbox='allow-popups allow-scripts allow-modals allow-forms allow-same-origin'"" style='""width:120px;height:240px;'"" marginwidth='""0'"" marginheight='""0'"" scrolling='""no'"" frameborder='""0'"" src='""//rcm-fe.amazon-adsystem.com/e/cm?lt1=_blank&bc1=000000&IS2=1&bg1=FFFFFF&fc1=000000&lc1=0000FF&t=gekidankata00-22&language=ja_JP&o=9&p=8&l=as4&m=amazon&f=ifr&ref=as_ss_li_til&asins=456003382X&linkId=38bec9e43c1e247fb976dfb078f04006'""></iframe>""",,,,,9784560033821
61,ある女,,47,5,2,-1,7,90,,,https://amzn.to/3sIG2ke,"<a href='https://www.amazon.co.jp/%E3%81%82%E3%82%8B%E5%A5%B3-%E5%B2%A9%E4%BA%95-%E7%A7%80%E4%BA%BA/dp/4560082855?&linkCode=li2&tag=gekidankata00-22&linkId=a4c26974c3b47c37afc7d0427d27228a&language=ja_JP&ref_=as_li_ss_il'"" target='""_blank'""><img border='""0'"" src='""//ws-fe.amazon-adsystem.com/widgets/q?_encoding=UTF8&ASIN=4560082855&Format=_SL160_&ID=AsinImage&MarketPlace=JP&ServiceVersion=20070822&WS=1&tag=gekidankata00-22&language=ja_JP'"" ></a><img src='""https://ir-jp.amazon-adsystem.com/e/ir?t=gekidankata00-22&language=ja_JP&l=li2&o=9&a=4560082855'"" width='""1'"" height='""1'"" border='""0'"" alt='""'"" style='""border:none !important; margin:0px !important;'"" />""","<iframe sandbox='allow-popups allow-scripts allow-modals allow-forms allow-same-origin'"" style='""width:120px;height:240px;'"" marginwidth='""0'"" marginheight='""0'"" scrolling='""no'"" frameborder='""0'"" src='""//rcm-fe.amazon-adsystem.com/e/cm?lt1=_blank&bc1=000000&IS2=1&bg1=FFFFFF&fc1=000000&lc1=0000FF&t=gekidankata00-22&language=ja_JP&o=9&p=8&l=as4&m=amazon&f=ifr&ref=as_ss_li_til&asins=4560082855&linkId=070b452ebec382a876a49a7cd1d4f88c'""></iframe>""",,,,,9784560082850
62,三月の5日間,,34,5,2,-1,7,90,,,https://amzn.to/3qPfe1v,"<a href='https://www.amazon.co.jp/%E4%B8%89%E6%9C%88%E3%81%AE5%E6%97%A5%E9%96%93-%E3%83%AA%E3%82%AF%E3%83%AA%E3%82%A8%E3%82%A4%E3%83%86%E3%83%83%E3%83%89%E7%89%88-%E5%B2%A1%E7%94%B0-%E5%88%A9%E8%A6%8F/dp/4560094144?__mk_ja_JP=%E3%82%AB%E3%82%BF%E3%82%AB%E3%83%8A&crid=EEXBPG5WDZ2Z&keywords=%E4%B8%89%E6%9C%88%E3%81%AE5%E6%97%A5%E9%96%93&qid=1693728496&s=books&sprefix=%E4%B8%89%E6%9C%88%E3%81%AE5%E6%97%A5%E9%96%93%2Cstripbooks%2C193&sr=1-1&linkCode=li2&tag=gekidankata00-22&linkId=70668c96f59287bbe2595a816d572fde&language=ja_JP&ref_=as_li_ss_il'"" target='""_blank'""><img border='""0'"" src='""//ws-fe.amazon-adsystem.com/widgets/q?_encoding=UTF8&ASIN=4560094144&Format=_SL160_&ID=AsinImage&MarketPlace=JP&ServiceVersion=20070822&WS=1&tag=gekidankata00-22&language=ja_JP'"" ></a><img src='""https://ir-jp.amazon-adsystem.com/e/ir?t=gekidankata00-22&language=ja_JP&l=li2&o=9&a=4560094144'"" width='""1'"" height='""1'"" border='""0'"" alt='""'"" style='""border:none !important; margin:0px !important;'"" />""","<iframe sandbox='allow-popups allow-scripts allow-modals allow-forms allow-same-origin'"" style='""width:120px;height:240px;'"" marginwidth='""0'"" marginheight='""0'"" scrolling='""no'"" frameborder='""0'"" src='""//rcm-fe.amazon-adsystem.com/e/cm?lt1=_blank&bc1=000000&IS2=1&bg1=FFFFFF&fc1=000000&lc1=0000FF&t=gekidankata00-22&language=ja_JP&o=9&p=8&l=as4&m=amazon&f=ifr&ref=as_ss_li_til&asins=4560094144&linkId=29e970121bed5b4109a896a90399f348'""></iframe>""",,,,,9784560094143
63,うちやまつり,,30,6,7,-1,-1,90,,,https://amzn.to/3L85fLt,"<a href='https://www.amazon.co.jp/%E3%81%86%E3%81%A1%E3%82%84%E3%81%BE%E3%81%A4%E3%82%8A-%E6%B7%B1%E6%B4%A5-%E7%AF%A4%E5%8F%B2/dp/4560035229?__mk_ja_JP=%E3%82%AB%E3%82%BF%E3%82%AB%E3%83%8A&crid=1LML1S1UBZ5K6&keywords=%E3%81%86%E3%81%A1%E3%82%84%E3%81%BE%E3%81%A4%E3%82%8A+%E6%B7%B1%E6%B4%A5&qid=1693728598&s=books&sprefix=%E3%81%86%E3%81%A1%E3%82%84%E3%81%BE%E3%81%A4%E3%82%8A+%E6%B7%B1%E6%B4%A5%2Cstripbooks%2C188&sr=1-1&linkCode=li2&tag=gekidankata00-22&linkId=fd3f00c5ad59da9abf5ad7c3682f8ddc&language=ja_JP&ref_=as_li_ss_il'"" target='""_blank'""><img border='""0'"" src='""//ws-fe.amazon-adsystem.com/widgets/q?_encoding=UTF8&ASIN=4560035229&Format=_SL160_&ID=AsinImage&MarketPlace=JP&ServiceVersion=20070822&WS=1&tag=gekidankata00-22&language=ja_JP'"" ></a><img src='""https://ir-jp.amazon-adsystem.com/e/ir?t=gekidankata00-22&language=ja_JP&l=li2&o=9&a=4560035229'"" width='""1'"" height='""1'"" border='""0'"" alt='""'"" style='""border:none !important; margin:0px !important;'"" />""","<iframe sandbox='allow-popups allow-scripts allow-modals allow-forms allow-same-origin'"" style='""width:120px;height:240px;'"" marginwidth='""0'"" marginheight='""0'"" scrolling='""no'"" frameborder='""0'"" src='""//rcm-fe.amazon-adsystem.com/e/cm?lt1=_blank&bc1=000000&IS2=1&bg1=FFFFFF&fc1=000000&lc1=0000FF&t=gekidankata00-22&language=ja_JP&o=9&p=8&l=as4&m=amazon&f=ifr&ref=as_ss_li_til&asins=4560035229&linkId=beb38492799af4abf259c1555701432f'""></iframe>""",,,,,9784560035221
64,東京ノート,,26,8,12,-1,12,100,,,https://amzn.to/45U0exV,"<a href='https://www.amazon.co.jp/%E5%B9%B3%E7%94%B0%E3%82%AA%E3%83%AA%E3%82%B6-1-%E6%9D%B1%E4%BA%AC%E3%83%8E%E3%83%BC%E3%83%88-%E3%83%8F%E3%83%A4%E3%82%AB%E3%83%AF%E6%BC%94%E5%8A%87%E6%96%87%E5%BA%AB-8/dp/4151400087?__mk_ja_JP=%E3%82%AB%E3%82%BF%E3%82%AB%E3%83%8A&crid=1B244ZMADZ3WP&keywords=%E6%9D%B1%E4%BA%AC%E3%83%8E%E3%83%BC%E3%83%88&qid=1693728618&s=books&sprefix=%E6%9D%B1%E4%BA%AC%E3%83%8E%E3%83%BC%E3%83%88%2Cstripbooks%2C199&sr=1-1&linkCode=li2&tag=gekidankata00-22&linkId=51a9bd7e974a6454da130aea21e31ec3&language=ja_JP&ref_=as_li_ss_il'"" target='""_blank'""><img border='""0'"" src='""//ws-fe.amazon-adsystem.com/widgets/q?_encoding=UTF8&ASIN=4151400087&Format=_SL160_&ID=AsinImage&MarketPlace=JP&ServiceVersion=20070822&WS=1&tag=gekidankata00-22&language=ja_JP'"" ></a><img src='""https://ir-jp.amazon-adsystem.com/e/ir?t=gekidankata00-22&language=ja_JP&l=li2&o=9&a=4151400087'"" width='""1'"" height='""1'"" border='""0'"" alt='""'"" style='""border:none !important; margin:0px !important;'"" />""","<iframe sandbox='allow-popups allow-scripts allow-modals allow-forms allow-same-origin'"" style='""width:120px;height:240px;'"" marginwidth='""0'"" marginheight='""0'"" scrolling='""no'"" frameborder='""0'"" src='""//rcm-fe.amazon-adsystem.com/e/cm?lt1=_blank&bc1=000000&IS2=1&bg1=FFFFFF&fc1=000000&lc1=0000FF&t=gekidankata00-22&language=ja_JP&o=9&p=8&l=as4&m=amazon&f=ifr&ref=as_ss_li_til&asins=4151400087&linkId=360a11a1a6c1742eba1dcece775605ba'""></iframe>""",,,,,9784151400087
65,地獄谷温泉 無明ノ宿,,4,4,4,-1,8,130,,,https://amzn.to/3Z5lgHY,"<a href='https://www.amazon.co.jp/%E5%9C%B0%E7%8D%84%E8%B0%B7%E6%B8%A9%E6%B3%89-%E7%84%A1%E6%98%8E%E3%83%8E%E5%AE%BF-%E3%82%BF%E3%83%8B%E3%83%8E%E3%82%AF%E3%83%AD%E3%82%A6/dp/4560094063?__mk_ja_JP=%E3%82%AB%E3%82%BF%E3%82%AB%E3%83%8A&crid=2YDN2R06SOH8F&keywords=%E5%9C%B0%E7%8D%84%E8%B0%B7%E6%B8%A9%E6%B3%89+%E7%84%A1%E6%98%8E%E3%83%8E%E5%AE%BF&qid=1693728636&s=books&sprefix=%E5%9C%B0%E7%8D%84%E8%B0%B7%E6%B8%A9%E6%B3%89+%E7%84%A1%E6%98%8E%E3%83%8E%E5%AE%BF%2Cstripbooks%2C193&sr=1-1&linkCode=li2&tag=gekidankata00-22&linkId=87c289a354bfd977e7d4ad15a7e31498&language=ja_JP&ref_=as_li_ss_il'"" target='""_blank'""><img border='""0'"" src='""//ws-fe.amazon-adsystem.com/widgets/q?_encoding=UTF8&ASIN=4560094063&Format=_SL160_&ID=AsinImage&MarketPlace=JP&ServiceVersion=20070822&WS=1&tag=gekidankata00-22&language=ja_JP'"" ></a><img src='""https://ir-jp.amazon-adsystem.com/e/ir?t=gekidankata00-22&language=ja_JP&l=li2&o=9&a=4560094063'"" width='""1'"" height='""1'"" border='""0'"" alt='""'"" style='""border:none !important; margin:0px !important;'"" />""","<iframe sandbox='allow-popups allow-scripts allow-modals allow-forms allow-same-origin'"" style='""width:120px;height:240px;'"" marginwidth='""0'"" marginheight='""0'"" scrolling='""no'"" frameborder='""0'"" src='""//rcm-fe.amazon-adsystem.com/e/cm?lt1=_blank&bc1=000000&IS2=1&bg1=FFFFFF&fc1=000000&lc1=0000FF&t=gekidankata00-22&language=ja_JP&o=9&p=8&l=as4&m=amazon&f=ifr&ref=as_ss_li_til&asins=4560094063&linkId=267babea251077acd1745cc5f9e470ed'""></iframe>""",,,,,9784560094068
66,幸せ最高ありがとうマジで!,,11,2,4,-1,6,120,,,https://amzn.to/45AGHTC,"<a href='https://www.amazon.co.jp/%E5%B9%B8%E3%81%9B%E6%9C%80%E9%AB%98%E3%81%82%E3%82%8A%E3%81%8C%E3%81%A8%E3%81%86%E3%83%9E%E3%82%B8%E3%81%A7-%E6%9C%AC%E8%B0%B7-%E6%9C%89%E5%B8%8C%E5%AD%90/dp/4062153637?__mk_ja_JP=%E3%82%AB%E3%82%BF%E3%82%AB%E3%83%8A&crid=2EM8RZBQCWSE3&keywords=%E5%B9%B8%E3%81%9B%E6%9C%80%E9%AB%98%E3%81%82%E3%82%8A%E3%81%8C%E3%81%A8%E3%81%86%E3%83%9E%E3%82%B8%E3%81%A7%21&qid=1693728666&s=books&sprefix=%E5%B9%B8%E3%81%9B%E6%9C%80%E9%AB%98%E3%81%82%E3%82%8A%E3%81%8C%E3%81%A8%E3%81%86%E3%83%9E%E3%82%B8%E3%81%A7+%2Cstripbooks%2C199&sr=1-1&linkCode=li2&tag=gekidankata00-22&linkId=7c9b5b45442cb71f75a6f4ff1d7b423e&language=ja_JP&ref_=as_li_ss_il'"" target='""_blank'""><img border='""0'"" src='""//ws-fe.amazon-adsystem.com/widgets/q?_encoding=UTF8&ASIN=4062153637&Format=_SL160_&ID=AsinImage&MarketPlace=JP&ServiceVersion=20070822&WS=1&tag=gekidankata00-22&language=ja_JP'"" ></a><img src='""https://ir-jp.amazon-adsystem.com/e/ir?t=gekidankata00-22&language=ja_JP&l=li2&o=9&a=4062153637'"" width='""1'"" height='""1'"" border='""0'"" alt='""'"" style='""border:none !important; margin:0px !important;'"" />""","<iframe sandbox='allow-popups allow-scripts allow-modals allow-forms allow-same-origin'"" style='""width:120px;height:240px;'"" marginwidth='""0'"" marginheight='""0'"" scrolling='""no'"" frameborder='""0'"" src='""//rcm-fe.amazon-adsystem.com/e/cm?lt1=_blank&bc1=000000&IS2=1&bg1=FFFFFF&fc1=000000&lc1=0000FF&t=gekidankata00-22&language=ja_JP&o=9&p=8&l=as4&m=amazon&f=ifr&ref=as_ss_li_til&asins=4062153637&linkId=eeecc8c94ae8eda79b0f2c5a87aa5f87'""></iframe>""",,,,,9784062153638
67,前向き！タイモン,,41,2,1,-1,3,-1,,,https://amzn.to/45V5npv,"<a href='https://www.amazon.co.jp/%E5%89%8D%E5%90%91%E3%81%8D%EF%BC%81%E3%82%BF%E3%82%A4%E3%83%A2%E3%83%B3-%E7%9F%A2%E5%86%85%E5%8E%9F-%E7%BE%8E%E9%82%A6/dp/4560082197?__mk_ja_JP=%E3%82%AB%E3%82%BF%E3%82%AB%E3%83%8A&crid=1VBYZGHYOR2IX&keywords=%E5%89%8D%E5%90%91%E3%81%8D%EF%BC%81%E3%82%BF%E3%82%A4%E3%83%A2%E3%83%B3&qid=1693728690&s=books&sprefix=%E5%89%8D%E5%90%91%E3%81%8D+%E3%82%BF%E3%82%A4%E3%83%A2%E3%83%B3%2Cstripbooks%2C179&sr=1-1&linkCode=li2&tag=gekidankata00-22&linkId=5400b1ff30436b613796c4d5f16dfd89&language=ja_JP&ref_=as_li_ss_il'"" target='""_blank'""><img border='""0'"" src='""//ws-fe.amazon-adsystem.com/widgets/q?_encoding=UTF8&ASIN=4560082197&Format=_SL160_&ID=AsinImage&MarketPlace=JP&ServiceVersion=20070822&WS=1&tag=gekidankata00-22&language=ja_JP'"" ></a><img src='""https://ir-jp.amazon-adsystem.com/e/ir?t=gekidankata00-22&language=ja_JP&l=li2&o=9&a=4560082197'"" width='""1'"" height='""1'"" border='""0'"" alt='""'"" style='""border:none !important; margin:0px !important;'"" />""","<iframe sandbox='allow-popups allow-scripts allow-modals allow-forms allow-same-origin'"" style='""width:120px;height:240px;'"" marginwidth='""0'"" marginheight='""0'"" scrolling='""no'"" frameborder='""0'"" src='""//rcm-fe.amazon-adsystem.com/e/cm?lt1=_blank&bc1=000000&IS2=1&bg1=FFFFFF&fc1=000000&lc1=0000FF&t=gekidankata00-22&language=ja_JP&o=9&p=8&l=as4&m=amazon&f=ifr&ref=as_ss_li_til&asins=4560082197&linkId=b5960094b4e729c2aa0bba08a4d82ca5'""></iframe>""",,,,,9784560082195
68,ブルーシート,,46,3,7,-1,-1,90,,,https://amzn.to/482AyRB,"<a href='https://www.amazon.co.jp/%E3%83%96%E3%83%AB%E3%83%BC%E3%82%B7%E3%83%BC%E3%83%88-%E9%A3%B4%E5%B1%8B-%E6%B3%95%E6%B0%B4/dp/4560083622?__mk_ja_JP=%E3%82%AB%E3%82%BF%E3%82%AB%E3%83%8A&crid=2MA11O6DU1GKY&keywords=%E3%83%96%E3%83%AB%E3%83%BC%E3%82%B7%E3%83%BC%E3%83%88&qid=1693728709&s=books&sprefix=%E3%83%96%E3%83%AB%E3%83%BC%E3%82%B7%E3%83%BC%E3%83%88%2Cstripbooks%2C200&sr=1-1&linkCode=li2&tag=gekidankata00-22&linkId=74512c9565bca58a9b150e372671e237&language=ja_JP&ref_=as_li_ss_il'"" target='""_blank'""><img border='""0'"" src='""//ws-fe.amazon-adsystem.com/widgets/q?_encoding=UTF8&ASIN=4560083622&Format=_SL160_&ID=AsinImage&MarketPlace=JP&ServiceVersion=20070822&WS=1&tag=gekidankata00-22&language=ja_JP'"" ></a><img src='""https://ir-jp.amazon-adsystem.com/e/ir?t=gekidankata00-22&language=ja_JP&l=li2&o=9&a=4560083622'"" width='""1'"" height='""1'"" border='""0'"" alt='""'"" style='""border:none !important; margin:0px !important;'"" />""","<iframe sandbox='allow-popups allow-scripts allow-modals allow-forms allow-same-origin'"" style='""width:120px;height:240px;'"" marginwidth='""0'"" marginheight='""0'"" scrolling='""no'"" frameborder='""0'"" src='""//rcm-fe.amazon-adsystem.com/e/cm?lt1=_blank&bc1=000000&IS2=1&bg1=FFFFFF&fc1=000000&lc1=0000FF&t=gekidankata00-22&language=ja_JP&o=9&p=8&l=as4&m=amazon&f=ifr&ref=as_ss_li_til&asins=4560083622&linkId=c7943796b84d30a02d994c652a668d1d'""></iframe>""",,,,,9784560083628
69,トロワグロ,,19,5,2,-1,7,90,,,https://amzn.to/3sEP1TK,"<a href='https://www.amazon.co.jp/%E3%83%88%E3%83%AD%E3%83%AF%E3%82%B0%E3%83%AD-%E5%B1%B1%E5%86%85-%E3%82%B1%E3%83%B3%E3%82%B8/dp/4560084386?__mk_ja_JP=%E3%82%AB%E3%82%BF%E3%82%AB%E3%83%8A&crid=2BHX0KYX7354E&keywords=%E3%83%88%E3%83%AD%E3%83%AF%E3%82%B0%E3%83%AD&qid=1693728728&s=books&sprefix=%E3%83%88%E3%83%AD%E3%83%AF%E3%82%B0%E3%83%AD%2Cstripbooks%2C230&sr=1-3&linkCode=li2&tag=gekidankata00-22&linkId=10b1f946699023f98997671a89d5dc7a&language=ja_JP&ref_=as_li_ss_il'"" target='""_blank'""><img border='""0'"" src='""//ws-fe.amazon-adsystem.com/widgets/q?_encoding=UTF8&ASIN=4560084386&Format=_SL160_&ID=AsinImage&MarketPlace=JP&ServiceVersion=20070822&WS=1&tag=gekidankata00-22&language=ja_JP'"" ></a><img src='""https://ir-jp.amazon-adsystem.com/e/ir?t=gekidankata00-22&language=ja_JP&l=li2&o=9&a=4560084386'"" width='""1'"" height='""1'"" border='""0'"" alt='""'"" style='""border:none !important; margin:0px !important;'"" />""","<iframe sandbox='allow-popups allow-scripts allow-modals allow-forms allow-same-origin'"" style='""width:120px;height:240px;'"" marginwidth='""0'"" marginheight='""0'"" scrolling='""no'"" frameborder='""0'"" src='""//rcm-fe.amazon-adsystem.com/e/cm?lt1=_blank&bc1=000000&IS2=1&bg1=FFFFFF&fc1=000000&lc1=0000FF&t=gekidankata00-22&language=ja_JP&o=9&p=8&l=as4&m=amazon&f=ifr&ref=as_ss_li_til&asins=4560084386&linkId=c676154ec600c5cc4b196eb346df562d'""></iframe>""",,,,,9784560084380
70,来てけつかるべき新世界,,1,10,2,-1,-1,130,,,https://amzn.to/45yqKNz,"<a href='https://www.amazon.co.jp/%E6%9D%A5%E3%81%A6%E3%81%91%E3%81%A4%E3%81%8B%E3%82%8B%E3%81%B9%E3%81%8D%E6%96%B0%E4%B8%96%E7%95%8C-%E4%B8%8A%E7%94%B0-%E8%AA%A0/dp/456009408X?__mk_ja_JP=%E3%82%AB%E3%82%BF%E3%82%AB%E3%83%8A&crid=YWR1JJM3CJD3&keywords=%E6%9D%A5%E3%81%A6%E3%81%91%E3%81%A4%E3%81%8B%E3%82%8B%E3%81%B9%E3%81%8D%E6%96%B0%E4%B8%96%E7%95%8C&qid=1693728820&s=books&sprefix=%E6%9D%A5%E3%81%A6%E3%81%91%E3%81%A4%E3%81%8B%E3%82%8B%E3%81%B9%E3%81%8D%E6%96%B0%E4%B8%96%E7%95%8C%2Cstripbooks%2C202&sr=1-1&linkCode=li2&tag=gekidankata00-22&linkId=bc72cd7d47e70d3be85587812a49b6ca&language=ja_JP&ref_=as_li_ss_il'"" target='""_blank'""><img border='""0'"" src='""//ws-fe.amazon-adsystem.com/widgets/q?_encoding=UTF8&ASIN=456009408X&Format=_SL160_&ID=AsinImage&MarketPlace=JP&ServiceVersion=20070822&WS=1&tag=gekidankata00-22&language=ja_JP'"" ></a><img src='""https://ir-jp.amazon-adsystem.com/e/ir?t=gekidankata00-22&language=ja_JP&l=li2&o=9&a=456009408X'"" width='""1'"" height='""1'"" border='""0'"" alt='""'"" style='""border:none !important; margin:0px !important;'"" />""","<iframe sandbox='allow-popups allow-scripts allow-modals allow-forms allow-same-origin'"" style='""width:120px;height:240px;'"" marginwidth='""0'"" marginheight='""0'"" scrolling='""no'"" frameborder='""0'"" src='""//rcm-fe.amazon-adsystem.com/e/cm?lt1=_blank&bc1=000000&IS2=1&bg1=FFFFFF&fc1=000000&lc1=0000FF&t=gekidankata00-22&language=ja_JP&o=9&p=8&l=as4&m=amazon&f=ifr&ref=as_ss_li_til&asins=456009408X&linkId=0ea0863f4e7dafdaa8a0fb8d16ca34f7'""></iframe>""",,,,,9784560094082
71,ぬけがら,,37,7,4,-1,-1,130,,/bookimg/71.jpg,https://amzn.to/44yh6t3,"<a href='https://www.amazon.co.jp/%E3%81%AC%E3%81%91%E3%81%8C%E3%82%89-%E4%BD%83-%E5%85%B8%E5%BD%A6/dp/4560026912?__mk_ja_JP=%E3%82%AB%E3%82%BF%E3%82%AB%E3%83%8A&crid=35ZQSHW9KFUO4&keywords=%E3%81%AC%E3%81%91%E3%81%8C%E3%82%89&qid=1693728839&s=books&sprefix=%E3%81%AC%E3%81%91%E3%81%8C%E3%82%89%2Cstripbooks%2C191&sr=1-4&linkCode=li2&tag=gekidankata00-22&linkId=04522786af1d2a991994edc2fa84f5fe&language=ja_JP&ref_=as_li_ss_il'"" target='""_blank'""><img border='""0'"" src='""//ws-fe.amazon-adsystem.com/widgets/q?_encoding=UTF8&ASIN=4560026912&Format=_SL160_&ID=AsinImage&MarketPlace=JP&ServiceVersion=20070822&WS=1&tag=gekidankata00-22&language=ja_JP'"" ></a><img src='""https://ir-jp.amazon-adsystem.com/e/ir?t=gekidankata00-22&language=ja_JP&l=li2&o=9&a=4560026912'"" width='""1'"" height='""1'"" border='""0'"" alt='""'"" style='""border:none !important; margin:0px !important;'"" />""","<iframe sandbox='allow-popups allow-scripts allow-modals allow-forms allow-same-origin'"" style='""width:120px;height:240px;'"" marginwidth='""0'"" marginheight='""0'"" scrolling='""no'"" frameborder='""0'"" src='""//rcm-fe.amazon-adsystem.com/e/cm?lt1=_blank&bc1=000000&IS2=1&bg1=FFFFFF&fc1=000000&lc1=0000FF&t=gekidankata00-22&language=ja_JP&o=9&p=8&l=as4&m=amazon&f=ifr&ref=as_ss_li_til&asins=4560026912&linkId=1c1ae00890c567441f9d7f39f3c196a9'""></iframe>""",,,,,9784789736947
72,一丁目ぞめき,,45,5,1,-1,6,110,,,https://amzn.to/45WENfY,"<a href='https://www.amazon.co.jp/%E4%B8%80%E4%B8%81%E7%9B%AE%E3%81%9E%E3%82%81%E3%81%8D-%E8%B5%A4%E5%A0%80-%E9%9B%85%E7%A7%8B/dp/4560082847?__mk_ja_JP=%E3%82%AB%E3%82%BF%E3%82%AB%E3%83%8A&crid=13UJVHRFC07OS&keywords=%E4%B8%80%E4%B8%81%E7%9B%AE%E3%81%9E%E3%82%81%E3%81%8D&qid=1693728861&s=books&sprefix=%E4%B8%80%E4%B8%81%E7%9B%AE%E3%81%9E%E3%82%81%E3%81%8D%2Cstripbooks%2C200&sr=1-1&linkCode=li2&tag=gekidankata00-22&linkId=228d97586bd59cf09637122ad46dbc93&language=ja_JP&ref_=as_li_ss_il'"" target='""_blank'""><img border='""0'"" src='""//ws-fe.amazon-adsystem.com/widgets/q?_encoding=UTF8&ASIN=4560082847&Format=_SL160_&ID=AsinImage&MarketPlace=JP&ServiceVersion=20070822&WS=1&tag=gekidankata00-22&language=ja_JP'"" ></a><img src='""https://ir-jp.amazon-adsystem.com/e/ir?t=gekidankata00-22&language=ja_JP&l=li2&o=9&a=4560082847'"" width='""1'"" height='""1'"" border='""0'"" alt='""'"" style='""border:none !important; margin:0px !important;'"" />""","<iframe sandbox='allow-popups allow-scripts allow-modals allow-forms allow-same-origin'"" style='""width:120px;height:240px;'"" marginwidth='""0'"" marginheight='""0'"" scrolling='""no'"" frameborder='""0'"" src='""//rcm-fe.amazon-adsystem.com/e/cm?lt1=_blank&bc1=000000&IS2=1&bg1=FFFFFF&fc1=000000&lc1=0000FF&t=gekidankata00-22&language=ja_JP&o=9&p=8&l=as4&m=amazon&f=ifr&ref=as_ss_li_til&asins=4560082847&linkId=545d0c9ad1419bc5a55e3c11d0f40f7c'""></iframe>""",,,,,9784560082843
73,山山,,49,4,3,-1,7,90,,,https://amzn.to/45Rwimb,"<a href='https://www.amazon.co.jp/%E5%B1%B1%E5%B1%B1-%E6%9D%BE%E5%8E%9F-%E4%BF%8A%E5%A4%AA%E9%83%8E/dp/4560094225?__mk_ja_JP=%E3%82%AB%E3%82%BF%E3%82%AB%E3%83%8A&crid=2B79M1DMPASE1&keywords=%E5%B1%B1%E5%B1%B1&qid=1693728912&s=books&sprefix=%E5%B1%B1%E5%B1%B1%2Cstripbooks%2C195&sr=1-1&linkCode=li2&tag=gekidankata00-22&linkId=4394ba6f6f3c568fff54a0e2e358a0b6&language=ja_JP&ref_=as_li_ss_il'"" target='""_blank'""><img border='""0'"" src='""//ws-fe.amazon-adsystem.com/widgets/q?_encoding=UTF8&ASIN=4560094225&Format=_SL160_&ID=AsinImage&MarketPlace=JP&ServiceVersion=20070822&WS=1&tag=gekidankata00-22&language=ja_JP'"" ></a><img src='""https://ir-jp.amazon-adsystem.com/e/ir?t=gekidankata00-22&language=ja_JP&l=li2&o=9&a=4560094225'"" width='""1'"" height='""1'"" border='""0'"" alt='""'"" style='""border:none !important; margin:0px !important;'"" />""","<iframe sandbox='allow-popups allow-scripts allow-modals allow-forms allow-same-origin'"" style='""width:120px;height:240px;'"" marginwidth='""0'"" marginheight='""0'"" scrolling='""no'"" frameborder='""0'"" src='""//rcm-fe.amazon-adsystem.com/e/cm?lt1=_blank&bc1=000000&IS2=1&bg1=FFFFFF&fc1=000000&lc1=0000FF&t=gekidankata00-22&language=ja_JP&o=9&p=8&l=as4&m=amazon&f=ifr&ref=as_ss_li_til&asins=4560094225&linkId=3bbc2fc7c24d9b422fa6ee1928658c09'""></iframe>""",,,,,9784560094228
74,まほろば,,39,-1,7,-1,7,120,,/bookimg/74.jpg,https://amzn.to/3r397GD,"<a href='https://www.amazon.co.jp/%E3%81%BE%E3%81%BB%E3%82%8D%E3%81%B0-%E8%93%AC%E8%8E%B1-%E7%AB%9C%E5%A4%AA/dp/4560094055?__mk_ja_JP=%E3%82%AB%E3%82%BF%E3%82%AB%E3%83%8A&crid=3AKTDR2B8B89U&keywords=%E3%81%BE%E3%81%BB%E3%82%8D%E3%81%B0+%E8%93%AC%E8%8E%B1%E7%AB%9C%E5%A4%AA&qid=1693728957&s=books&sprefix=%E3%81%BE%E3%81%BB%E3%82%8D%E3%81%B0+%E8%93%AC%E8%8E%B1%E7%AB%9C%E5%A4%AA%2Cstripbooks%2C201&sr=1-1&linkCode=li2&tag=gekidankata00-22&linkId=cd37250298c0a6bb0d2af7e2515ada50&language=ja_JP&ref_=as_li_ss_il'"" target='""_blank'""><img border='""0'"" src='""//ws-fe.amazon-adsystem.com/widgets/q?_encoding=UTF8&ASIN=4560094055&Format=_SL160_&ID=AsinImage&MarketPlace=JP&ServiceVersion=20070822&WS=1&tag=gekidankata00-22&language=ja_JP'"" ></a><img src='""https://ir-jp.amazon-adsystem.com/e/ir?t=gekidankata00-22&language=ja_JP&l=li2&o=9&a=4560094055'"" width='""1'"" height='""1'"" border='""0'"" alt='""'"" style='""border:none !important; margin:0px !important;'"" />""","<iframe sandbox='allow-popups allow-scripts allow-modals allow-forms allow-same-origin'"" style='""width:120px;height:240px;'"" marginwidth='""0'"" marginheight='""0'"" scrolling='""no'"" frameborder='""0'"" src='""//rcm-fe.amazon-adsystem.com/e/cm?lt1=_blank&bc1=000000&IS2=1&bg1=FFFFFF&fc1=000000&lc1=0000FF&t=gekidankata00-22&language=ja_JP&o=9&p=8&l=as4&m=amazon&f=ifr&ref=as_ss_li_til&asins=4560094055&linkId=805e163222c1b9e7ec8e41bd6a21617d'""></iframe>""",,,,,9784560094051
75,○○トアル風景,,43,8,3,-1,-1,120,,,https://amzn.to/44AHLpc,"<a href='https://www.amazon.co.jp/%E2%97%8B%E2%97%8B%E3%83%88%E3%82%A2%E3%83%AB%E9%A2%A8%E6%99%AF-%E3%83%8E%E3%82%BE%E3%82%A8-%E5%BE%81%E7%88%BE/dp/4560082200?__mk_ja_JP=%E3%82%AB%E3%82%BF%E3%82%AB%E3%83%8A&crid=IGB3CB1EB6SN&keywords=%E2%97%8B%E2%97%8B%E3%83%88%E3%82%A2%E3%83%AB%E9%A2%A8%E6%99%AF&qid=1693728994&s=books&sprefix=%E3%83%88%E3%82%A2%E3%83%AB%E9%A2%A8%E6%99%AF%2Cstripbooks%2C196&sr=1-1&linkCode=li2&tag=gekidankata00-22&linkId=761f5ed7c91fb6ac7c42c234e24736df&language=ja_JP&ref_=as_li_ss_il'"" target='""_blank'""><img border='""0'"" src='""//ws-fe.amazon-adsystem.com/widgets/q?_encoding=UTF8&ASIN=4560082200&Format=_SL160_&ID=AsinImage&MarketPlace=JP&ServiceVersion=20070822&WS=1&tag=gekidankata00-22&language=ja_JP'"" ></a><img src='""https://ir-jp.amazon-adsystem.com/e/ir?t=gekidankata00-22&language=ja_JP&l=li2&o=9&a=4560082200'"" width='""1'"" height='""1'"" border='""0'"" alt='""'"" style='""border:none !important; margin:0px !important;'"" />""","<iframe sandbox='allow-popups allow-scripts allow-modals allow-forms allow-same-origin'"" style='""width:120px;height:240px;'"" marginwidth='""0'"" marginheight='""0'"" scrolling='""no'"" frameborder='""0'"" src='""//rcm-fe.amazon-adsystem.com/e/cm?lt1=_blank&bc1=000000&IS2=1&bg1=FFFFFF&fc1=000000&lc1=0000FF&t=gekidankata00-22&language=ja_JP&o=9&p=8&l=as4&m=amazon&f=ifr&ref=as_ss_li_til&asins=4560082200&linkId=31bfeba0def2a5cb336090c1c417061f'""></iframe>""",,,,,9784560082201
76,バルパライソの長い坂をくだる話,,48,3,1,-1,4,90,,,https://amzn.to/3EpNtzI,"<a href='https://www.amazon.co.jp/%E3%83%90%E3%83%AB%E3%83%91%E3%83%A9%E3%82%A4%E3%82%BD%E3%81%AE%E9%95%B7%E3%81%84%E5%9D%82%E3%82%92%E3%81%8F%E3%81%A0%E3%82%8B%E8%A9%B1-%E7%A5%9E%E9%87%8C-%E9%9B%84%E5%A4%A7/dp/4560096368?__mk_ja_JP=%E3%82%AB%E3%82%BF%E3%82%AB%E3%83%8A&crid=21BQONEQTYO9P&keywords=%E3%83%90%E3%83%AB%E3%83%91%E3%83%A9%E3%82%A4%E3%82%BD%E3%81%AE%E9%95%B7%E3%81%84%E5%9D%82%E3%82%92%E3%81%8F%E3%81%A0%E3%82%8B%E8%A9%B1&qid=1693729016&s=books&sprefix=%E3%83%90%E3%83%AB%E3%83%91%E3%83%A9%E3%82%A4%E3%82%BD%E3%81%AE%E9%95%B7%E3%81%84%E5%9D%82%E3%82%92%E3%81%8F%E3%81%A0%E3%82%8B%E8%A9%B1%2Cstripbooks%2C219&sr=1-1&linkCode=li2&tag=gekidankata00-22&linkId=572328661d10f3e5c2d60e692dedbb43&language=ja_JP&ref_=as_li_ss_il'"" target='""_blank'""><img border='""0'"" src='""//ws-fe.amazon-adsystem.com/widgets/q?_encoding=UTF8&ASIN=4560096368&Format=_SL160_&ID=AsinImage&MarketPlace=JP&ServiceVersion=20070822&WS=1&tag=gekidankata00-22&language=ja_JP'"" ></a><img src='""https://ir-jp.amazon-adsystem.com/e/ir?t=gekidankata00-22&language=ja_JP&l=li2&o=9&a=4560096368'"" width='""1'"" height='""1'"" border='""0'"" alt='""'"" style='""border:none !important; margin:0px !important;'"" />""","<iframe sandbox='allow-popups allow-scripts allow-modals allow-forms allow-same-origin'"" style='""width:120px;height:240px;'"" marginwidth='""0'"" marginheight='""0'"" scrolling='""no'"" frameborder='""0'"" src='""//rcm-fe.amazon-adsystem.com/e/cm?lt1=_blank&bc1=000000&IS2=1&bg1=FFFFFF&fc1=000000&lc1=0000FF&t=gekidankata00-22&language=ja_JP&o=9&p=8&l=as4&m=amazon&f=ifr&ref=as_ss_li_til&asins=4560096368&linkId=800407ec813e51115824c0ead960fa61'""></iframe>""",,,,,9784560096369
77,あたらしいエクスプロージョン,,47,4,2,-1,6,120,,,https://amzn.to/3EnBt1t,"<a href='https://www.amazon.co.jp/%E3%81%82%E3%81%9F%E3%82%89%E3%81%97%E3%81%84%E3%82%A8%E3%82%AF%E3%82%B9%E3%83%97%E3%83%AD%E3%83%BC%E3%82%B8%E3%83%A7%E3%83%B3-%E7%A6%8F%E5%8E%9F-%E5%85%85%E5%89%87/dp/4560096376?__mk_ja_JP=%E3%82%AB%E3%82%BF%E3%82%AB%E3%83%8A&crid=DZ9WSMMZLR0E&keywords=%E3%81%82%E3%81%9F%E3%82%89%E3%81%97%E3%81%84%E3%82%A8%E3%82%AF%E3%82%B9%E3%83%97%E3%83%AD%E3%83%BC%E3%82%B8%E3%83%A7%E3%83%B3&qid=1693729044&s=books&sprefix=%E3%81%82%E3%81%9F%E3%82%89%E3%81%97%E3%81%84%E3%82%A8%E3%82%AF%E3%82%B9%E3%83%97%E3%83%AD%E3%83%BC%E3%82%B8%E3%83%A7%E3%83%B3%2Cstripbooks%2C219&sr=1-1&linkCode=li2&tag=gekidankata00-22&linkId=8bd7895bbc7bb30d54243a19276e64d9&language=ja_JP&ref_=as_li_ss_il'"" target='""_blank'""><img border='""0'"" src='""//ws-fe.amazon-adsystem.com/widgets/q?_encoding=UTF8&ASIN=4560096376&Format=_SL160_&ID=AsinImage&MarketPlace=JP&ServiceVersion=20070822&WS=1&tag=gekidankata00-22&language=ja_JP'"" ></a><img src='""https://ir-jp.amazon-adsystem.com/e/ir?t=gekidankata00-22&language=ja_JP&l=li2&o=9&a=4560096376'"" width='""1'"" height='""1'"" border='""0'"" alt='""'"" style='""border:none !important; margin:0px !important;'"" />""","<iframe sandbox='allow-popups allow-scripts allow-modals allow-forms allow-same-origin'"" style='""width:120px;height:240px;'"" marginwidth='""0'"" marginheight='""0'"" scrolling='""no'"" frameborder='""0'"" src='""//rcm-fe.amazon-adsystem.com/e/cm?lt1=_blank&bc1=000000&IS2=1&bg1=FFFFFF&fc1=000000&lc1=0000FF&t=gekidankata00-22&language=ja_JP&o=9&p=8&l=as4&m=amazon&f=ifr&ref=as_ss_li_til&asins=4560096376&linkId=c3512e96c20d579457062f498c43264b'""></iframe>""",,,,,9784560096376
78,あたらしい憲法のはなし,,8,-1,-1,-1,-1,60,,,,,,,,,,
79,ハイパーリンくん,,8,5,5,0,10,20,円周率から宇宙の果てへリズムに乗って旅にでる。,,,,,https://mamagoto.org/project/,,,,
80,わたしの星,,8,-1,-1,-1,-1,90,火星への転校と文化祭発表をめぐる高校生たちの一日。,,,,,https://mamagoto.org/project/,,,,
81,妥協点P,,8,-1,-1,-1,-1,65,学級劇の台本を発端に 4 人の教師と 1 人の生徒が妥協点を探す。,,,,,https://mamagoto.org/project/,,,,
82,日本の大人,,8,-1,-1,-1,-1,70,謎の転校生 小学 26 年生をめぐる、大人と子供の物語。,,,,,https://mamagoto.org/project/,,,,
83,つくりばなし,,8,-1,-1,-1,-1,20,悲しみの中で四コマ漫画を書こうとする漫画家と妻。,,,,,https://mamagoto.org/project/,,,,
84,少年B,,8,-1,-1,-1,-1,60,何かになりたかった中学生の僕、何にもなれなかった今の僕。,,,,,https://mamagoto.org/project/,,,,
85,あゆみ（長編）,,8,-1,-1,-1,-1,100,平凡な女性の生涯を最初の一歩から最後の一歩まで。,,,,,https://mamagoto.org/project/,,,,
86,あおく見えるのは空と,,28,1,1,0,2,80,病室に、夫と妻がいる。  妻は双眼鏡で向かいの棟の病室を覗いているのか、じっとして動かない。  不思議だ。  そこにいる妻が、塑像に変わったようにしか思えない。  夫は足の複雑骨折で短期入院中。  気楽な休養のようなものなのだが、この非日常の時間に二人が見つめているのはお互いの奇妙な距離だ。  愛している。一緒にいたい。けれど一緒にいてもさみしい。  そんな感情はどうしたらいいものか、退院の日は幸せな感情に満たされるのだろうか。  二人は静かに笑いたい。  そう願っている。,,,,,,https://shiroinuma.wixsite.com/shiroinuma/aoku,,,
87,衝突と分裂、あるいは融合,,50,6,7,0,13,100,,,,,,https://playtextdigitalarchive.com/drama/detail/537,,,,
88,ローザ,,50,1,3,0,4,90,,,,,,https://serikurosawa.com/playtext/,,,,
89,スーパーエンタープライズ,,50,10,0,0,10,120,,,,,,https://serikurosawa.com/playtext/,,,,
90,花のゆりかご、星の雨,,50,2,3,0,5,75,,,,,,https://serikurosawa.com/playtext/,,,,
91,ピンポン、のような,,50,2,6,0,8,90,,,,,,https://serikurosawa.com/playtext/,,,,
92,月並みなはなし,,50,4,5,0,9,100,,,,,,https://serikurosawa.com/playtext/,,,,
93,びょういんのパズル,,50,3,6,0,9,90,,,,,,https://serikurosawa.com/playtext/,,,,
94,気がついたときにはいつも,,50,3,6,0,9,60,,,,,,https://serikurosawa.com/playtext/,,,,
95,2,,1,2,0,0,-3,100,,,,,,,,,,